Id,CAS,SMILES,Status,Experimental value [-log(mg/L)],Predicted value [-log(mg/L)],GNN_status
1,000110-54-3,C(CCCC)C,Training,-0.3936,-0.08850038,Test
2,000111-65-9,C(CCCCCC)C,Training,0.38,0.014057297,Valid
3,000109-69-3,ClCCCC,Training,-1.9844,-1.7922543,Test
4,000111-85-3,ClCCCCCCCC,Training,0.21,-0.8612899,Train
5,000075-09-2,ClCCl,Training,-2.4932,-1.6951932,Train
6,000075-34-3,C(Cl)(Cl)C,Training,-2.3044,-1.7623311,Test
7,000107-06-2,ClCCCl,Training,-1.84,-2.0816934,Test
8,000142-28-9,ClCCCCl,Training,-1.9693,-1.253708,Train
9,000078-87-5,ClCC(Cl)C,Training,-2.1262,-1.660176,Train
10,000110-56-5,ClCCCCCl,Training,-1.7124,-1.8576189,Train
11,000628-76-2,ClCCCCCCl,Training,-1.3998,-1.9310745,Train
12,000067-66-3,C(Cl)(Cl)Cl,Training,-1.7335,-1.7870114,Train
13,000071-55-6,C(Cl)(Cl)(Cl)C,Training,-1.8462,-1.6655703,Valid
14,000079-00-5,ClCC(Cl)Cl,Training,-1.9285,-1.8408742,Test
15,000096-18-4,ClCC(Cl)CCl,Training,-1.7077,-1.8940537,Valid
16,000056-23-5,C(Cl)(Cl)(Cl)Cl,Training,-1.3518,-1.8681017,Train
17,000079-34-5,C(C(Cl)Cl)(Cl)Cl,Training,-1.3805,-1.7261349,Train
18,000076-01-7,C(C(Cl)Cl)(Cl)(Cl)Cl,Training,-0.9608,-1.259099,Train
19,000067-72-1,C(C(Cl)(Cl)Cl)(Cl)(Cl)Cl,Training,-0.0924,-1.3276852,Train
20,000106-94-5,BrCCC,Training,-1.8276,-0.8042452,Test
21,000109-65-9,BrCCCC,Training,-1.5644,-0.8443409,Test
22,000111-25-1,BrCCCCCC,Training,-0.536,-0.7714129,Valid
23,000629-04-9,BrCCCCCCC,Training,-0.1633,-0.43641308,Train
24,000111-83-1,BrCCCCCCCC,Training,0.0775,-0.46825817,Test
25,000109-64-8,BrCCCBr,Training,-0.6219,-1.7321482,Train
26,000075-47-8,C(I)(I)I,Training,-0.4653,-1.6188946,Test
29,000124-48-1,BrC(Br)Cl,Training,-1.8974,-1.7089056,Valid
30,000096-12-8,BrCC(Br)CCl,Training,-1.5905,-1.5878502,Train
31,000110-82-7,C(CCCC1)C1,Training,-0.6527,-0.13101578,Train
32,000108-87-2,C(CCCC1)(C1)C,Training,-0.3193,0.13103776,Valid
33,001678-91-7,CCC1CCCCC1,Training,0.1279,0.031842876,Train
34,000099-82-1,C(CCC(C1)C(C)C)(C1)C,Training,0.7242,0.19305484,Train
35,000091-17-8,C(C(CCC1)CCC2)(C1)C2,Training,0.4344,0.29226178,Train
36,000281-23-2,C(CC(CC1CC23)C2)(C1)C3,Training,0.5553,0.26154482,Train
37,000822-86-6,ClC1C(Cl)CCCC1,Training,-1.2634,-1.0863038,Test
38,000112-41-4,C(=C)CCCCCCCCCC,Training,-0.4121,0.39151314,Train
39,000075-35-4,C(=C)(Cl)Cl,Training,-1.6526,-1.333802,Train
40,000156-59-2,C(=CCl)Cl,Training,-1.8255,-1.2366198,Train
41,000079-01-6,C(=CCl)(Cl)Cl,Training,-1.6354,-1.3084016,Train
42,000127-18-4,C(=C(Cl)Cl)(Cl)Cl,Training,-1.0732,-1.2066954,Valid
43,000110-83-8,C(=CCCC1)C1,Training,-0.7609,-0.8669841,Train
44,000498-66-8,C1C2C=CC1CC2,Training,-0.9978,-0.7247685,Test
45,000078-79-5,C(C=C)(=C)C,Training,-1.1737,-0.68937975,Test
46,000592-46-1,CC=CC=CC,Training,-1.3021,-0.6459913,Train
47,000513-81-5,C(C(=C)C)(=C)C,Training,-0.8346,-0.773648,Train
48,000764-13-6,C(=CC=C(C)C)(C)C,Training,-0.4933,-0.85451543,Valid
49,001647-16-1,C(=C)CCCCCCC=C,Training,0.541,-0.18887988,Train
50,000100-40-3,C(=CCCC1C=C)C1,Training,-0.6605,-0.69688046,Test
51,000111-78-4,C(=CCCC=CC1)C1,Training,-1.1117,-0.7589663,Test
52,003048-65-5,C(C(C=C1)CC=C2)(C2)C1,Training,-0.6414,-0.89592856,Train
53,000138-86-3,C(=CCC(C(=C)C)C1)(C1)C,Training,-0.039,-0.53355473,Train
54,016219-75-3,C(C(C=CC12)C1)(=CC)C2,Training,-0.843,-0.59006566,Train
55,000123-35-3,C(C=C)(=C)CCC=C(C)C,Training,0.0386,-0.48829526,Train
56,000542-75-6,C(=CCl)CCl,Training,-0.1752,-0.9483296,Train
57,000760-23-6,C(C(Cl)CCl)=C,Training,-1.1791,-0.82138747,Train
58,001871-57-4,C=C(CCl)CCl,Training,0.7232,-1.6489916,Train
59,000087-68-3,C(=C(C(=C(Cl)Cl)Cl)Cl)(Cl)Cl,Training,1.045,0.6672447,Train
60,000077-47-4,C(=C(C(=C1Cl)Cl)Cl)(C1(Cl)Cl)Cl,Training,1.8541,1.045,Train
62,000064-17-5,OCC,Training,-4.2027,-3.6091225,Train
63,000071-23-8,OCCC,Training,-3.6559,-3.4721084,Train
64,000067-63-0,OC(C)C,Training,-3.9359,-3.7651803,Train
65,000071-36-3,OCCCC,Training,-3.2321,-3.2594779,Train
66,000078-92-2,OC(CC)C,Training,-3.5571,-3.4403644,Test
67,000075-65-0,OC(C)(C)C,Training,-3.6763,-3.3830793,Train
68,000078-83-1,OCC(C)C,Training,-3.1421,-3.535025,Train
69,000584-02-1,OC(CC)CC,Training,-2.9923,-3.0713904,Test
70,000071-41-0,OCCCCC,Training,-2.6718,-2.9236352,Train
71,000111-27-3,OCCCCCC,Training,-1.9867,-1.6828226,Train
72,000077-74-7,OC(CC)(CC)C,Training,-2.8254,-2.845303,Test
73,000600-36-2,OC(C(C)C)C(C)C,Training,-2.2108,-2.7128806,Train
74,000111-70-6,OCCCCCCC,Training,-1.3931,-1.3302653,Train
75,000111-87-5,OCCCCCCCC,Training,-1.1735,-0.8226469,Test
76,000104-76-7,OCC(CCCC)CC,Training,-1.4498,-1.4979788,Train
77,000143-08-8,OCCCCCCCCC,Training,-0.6724,-0.6061248,Train
78,003452-97-9,OCCC(CC(C)(C)C)C,Training,-1.4442,-1.398037,Train
79,000112-30-1,OCCCCCCCCCC,Training,-0.4491,-0.36981785,Valid
80,025339-17-7,OCCCCCCCC(C)C,Training,-0.7679,-0.57733023,Train
81,000112-42-5,OCCCCCCCCCCC,Training,-0.0234,-0.33561438,Train
82,000112-53-8,OCCCCCCCCCCCC,Training,-0.0074,-0.33313647,Train
83,000112-70-9,OCCCCCCCCCCCCC,Training,-0.2275,-0.27265915,Train
84,000075-89-8,FC(F)(F)CO,Training,-2.0767,-1.8621286,Train
85,029553-26-2,FC(F)C(F)(F)C(O)(C)C,Training,-2.7631,-1.902164,Valid
86,000920-66-1,FC(F)(F)C(O)C(F)(F)F,Training,-2.3858,-1.8804837,Train
87,000107-07-3,OCCCl,Training,-1.7128,-2.69367,Valid
88,000127-00-4,OC(CCl)C,Training,-2.3859,-2.753876,Train
89,000115-20-8,OCC(Cl)(Cl)Cl,Training,-2.4416,-1.9424479,Train
90,006001-64-5,CC(C)(O)C(Cl)(Cl)Cl,Training,-2.1291,-2.0823233,Train
91,000096-13-9,OCC(Br)CBr,Training,-1.849,-1.5390625,Test
92,000108-93-0,OC(CCCC1)C1,Training,-2.8474,-2.0542607,Valid
93,002216-51-5,OC(C(CCC1C)C(C)C)C1,Training,-1.2742,-1.7294112,Train
94,000497-37-0,C1(O)CC2CC1CC2,Training,-2.3556,-2.1006806,Train
95,000464-45-9,OC(CC1C2)C(C2)(C1(C)C)C,Training,-1.7983,-1.5911096,Test
96,000928-96-1,OCCC=CCC,Training,-2.5081,-1.3351804,Train
100,004798-44-1,OC(C=C)CCC,Training,-1.4791,-2.2999716,Train
101,000924-41-4,OC(CC=C)C=C,Training,-1.5797,-2.5570576,Train
102,000078-70-6,OC(C=C)(CCC=C(C)C)C,Training,-1.5886,-1.215789,Train
103,007212-44-4,OC(C=C)(CCC=C(CCC=C(C)C)C)C,Training,-0.1526,-0.57569396,Train
104,000596-85-0,CC(O)(CCC1C(=C)CCC2C(C)(C)CCCC12C)C=C,Training,0.9233,-0.7892865,Train
105,000927-74-2,OCCC#C,Training,-1.5547,-1.5435053,Train
106,002117-11-5,OC(C)CC#C,Training,-1.5428,-1.5055609,Train
107,076334-36-6,BrC(=C)CCO,Training,-1.6267,-1.4132817,Train
108,000107-19-7,OCC#C,Training,-0.177,-1.7422577,Train
109,000764-01-2,CC#CCO,Training,-1.0037,-1.1120877,Valid
110,065337-13-5,CC(O)C#C,Training,-1.0652,-1.7078856,Train
111,000115-19-5,OC(C#C)(C)C,Training,-3.5138,-2.028358,Train
112,000077-75-8,OC(C#C)(CC)C,Training,-3.0817,-2.2972465,Valid
113,007383-19-9,OC(C#C)CCCC,Training,-0.2456,-1.1264721,Test
114,001482-15-1,OC(C#C)(C)C(C)C,Training,-2.3086,-2.7815177,Train
115,000818-72-4,OC(C#C)CCCCC,Training,0.3888,-1.3880359,Train
116,019549-98-5,CC(C)CCC(C)(O)C#C,Training,-1.6859,-1.315108,Train
117,004117-14-0,OCC#CCCCCCCC,Training,-0.0268,-0.46593383,Valid
118,000078-27-3,OC(C#C)(CCCC1)C1,Training,-2.404,-1.2427756,Train
120,000109-86-4,O(CCO)C,Training,-4.2389,-4.2315307,Train
121,000110-80-5,O(CCO)CC,Training,-4.2123,-4.2630305,Train
122,000107-98-2,O(CC(O)C)C,Training,-4.3153,-4.0583186,Train
123,000111-76-2,O(CCCC)CCO,Training,-2.9899,-3.086305,Test
124,000109-59-1,O(C(C)C)CCO,Training,-3.7351,-3.9462743,Test
125,000111-90-0,O(CCOCC)CCO,Training,-4.3246,-4.255364,Test
126,000112-34-5,O(CCOCCO)CCCC,Training,-3.0577,-4.0681105,Test
127,000107-21-1,OCCO,Training,-4.6906,-4.168135,Train
128,000057-55-6,OCC(O)C,Training,-4.0409,-4.2376785,Train
129,000107-41-5,OC(CC(O)(C)C)C,Training,-4.0044,-2.480435,Train
130,000080-04-6,OC(CCC(C(C(CCC(O)C1)C1)(C)C)C2)C2,Training,-1.2763,-0.548737,Valid
131,000111-46-6,O(CCO)CCO,Training,-4.8286,-4.276553,Train
132,000112-27-6,O(CCOCCO)CCO,Training,-4.8294,-3.6043966,Test
133,000060-29-7,O(CC)CC,Training,-3.3666,-3.151726,Test
134,001634-04-4,O(C(C)(C)C)C,Training,-2.8378,-3.0681052,Test
135,000108-20-3,O(C(C)C)C(C)C,Training,-2.1281,-3.1734068,Train
136,000142-96-1,O(CCCC)CCCC,Training,-1.5068,-0.9853783,Train
137,000544-01-4,O(CCC(C)C)CCC(C)C,Training,-0.8296,-1.5595815,Train
138,000693-65-2,O(CCCCC)CCCCC,Training,-0.504,-0.90488935,Train
140,003295-94-1,CCCCCCOCC=C,Training,-0.6875,-0.75176156,Valid
141,000109-99-9,O(CCC1)C1,Training,-3.3349,-2.5875564,Train
142,015045-43-9,O1C(C)(C)CCC1(C)C,Training,-2.2238,-1.3885425,Train
143,000470-82-6,C1CC2C(C)(C)OC1(C)CC2,Training,-2.0061,-1.8819479,Valid
144,000100-79-8,O(CC(O1)CO)C1(C)C,Training,-4.219,-3.528916,Valid
146,034723-82-5,BrCC1CCCCO1,Training,-2.3111,-1.3862019,Train
147,000123-91-1,O(CCOC1)C1,Training,-4.0004,-3.5753443,Train
148,000110-88-3,O(COCO1)C1,Training,-3.7729,-3.5019407,Test
149,000075-07-0,O=CC,Training,-1.5044,-1.7769897,Valid
150,000123-72-8,O=CCCC,Training,-1.1836,-1.4098848,Train
151,000110-62-3,O=CCCCC,Training,-1.1072,-1.5576859,Train
152,000096-17-3,O=CC(CC)C,Training,-0.9947,-1.3705492,Valid
153,000590-86-3,O=CCC(C)C,Training,-0.5112,-1.5088054,Train
154,000123-15-9,O=CC(CCC)C,Training,-1.2696,-0.95337915,Train
155,000066-25-1,O=CCCCCC,Training,-1.1906,-1.7779107,Train
156,003944-76-1,CCC(C)C(C)C(=O),Training,-1.203,-1.8028893,Train
157,003268-49-3,O=CCCSC,Training,-0.8435,-0.9509238,Train
158,000107-02-8,O=CC=C,Training,1.701,-0.42773277,Test
159,004170-30-3,O=CC=CC,Training,1.1446,0.063152544,Train
160,000111-30-8,O=CCCCC=O,Training,-0.9426,-1.4057311,Train
161,000067-64-1,O=C(C)C,Training,-3.9877,-3.192862,Train
162,000078-93-3,O=C(CC)C,Training,-3.5056,-3.2969165,Train
163,000563-80-4,O=C(C(C)C)C,Training,-2.9427,-2.2955358,Test
164,000096-22-0,O=C(CC)CC,Training,-3.1882,-2.9957263,Train
165,000107-87-9,O=C(CCC)C,Training,-3.0917,-3.013455,Train
166,000108-10-1,O=C(CC(C)C)C,Training,-2.7156,-2.3607123,Test
167,000591-78-6,O=C(CCCC)C,Training,-2.6281,-2.1551263,Train
168,000075-97-8,O=C(C(C)(C)C)C,Training,-1.9379,-3.0758958,Train
169,000111-13-7,O=C(CCCCCC)C,Training,-1.5548,-1.3919599,Test
170,000110-43-0,O=C(CCCCC)C,Training,-2.115,-1.895763,Train
171,000110-12-3,O=C(CCC(C)C)C,Training,-2.197,-1.9631181,Train
172,000502-56-7,O=C(CCCC)CCCC,Training,-1.4899,-0.9649724,Train
173,000821-55-6,O=C(CCCCCCC)C,Training,-1.1804,-1.0365361,Train
174,000693-54-9,O=C(CCCCCCCC)C,Training,-0.7572,-0.76381516,Train
175,000112-12-9,O=C(CCCCCCCCC)C,Training,-0.3247,-0.38810253,Train
176,006175-49-1,O=C(CCCCCCCCCC)C,Training,-0.0709,-0.42816928,Train
177,000593-08-8,O=C(CCCCCCCCCCC)C,Training,0.4453,-0.55635506,Train
178,000108-94-1,O=C(CCCC1)C1,Training,-2.7547,-1.8705119,Train
179,000464-48-2,O=C(CC1C2)C(C2)(C1(C)C)C,Training,-1.2282,-1.6557078,Train
180,010293-06-8,O=C(C(C(C1C2)(C)C)(C2)C)C1Br,Training,-1.8343,-2.1632254,Train
181,000700-58-3,C13CC2CC(CC(C1=O)C2)C3,Training,-1.7819,-1.655495,Train
182,000110-93-0,O=C(CCC=C(C)C)C,Training,-1.9342,-2.394689,Valid
183,001502-22-3,O=C(C(C(=CCCC1)C1)CCC2)C2,Training,-1.4602,-0.7562021,Train
184,001335-46-2,O=C(C=CC1C(=C(CCC1(C)C)C)C)C,Training,-0.4749,-0.87305236,Train
185,000079-77-6,O=C(C=CC(=C(CCC1)C)C1(C)C)C,Training,-0.7048,-0.6283312,Train
186,000123-54-6,O=C(CC(=O)C)C,Training,-2.1697,-3.0284855,Train
187,001540-36-9,O=C(C)C(C(=O)C)CCCC,Training,-2.32,-2.5304585,Train
188,000126-81-8,O=C(CC(CC1(=O))(C)C)C1,Training,-4.0548,-1.9714417,Train
189,000079-20-9,O=C(OC)C,Training,-2.5053,-2.003531,Valid
190,000141-78-6,O=C(OCC)C,Training,-2.5219,-2.0207264,Train
191,000109-60-4,O=C(OCCC)C,Training,-1.7769,-1.8544536,Train
192,000123-86-4,O=C(OCCCC)C,Training,-1.2528,-1.0336449,Train
193,000110-19-0,O=C(OCC(C)C)C,Training,-1.2282,-2.0190516,Train
194,000540-88-5,O=C(OC(C)(C)C)C,Training,-2.5123,-1.6838094,Train
195,000123-66-0,O=C(OCC)CCCCC,Training,-0.9466,-0.7846595,Train
196,000142-92-7,O=C(OCCCCCC)C,Training,-0.6386,-0.68826044,Train
197,000515-84-4,O=C(OCC)C(Cl)(Cl)Cl,Training,-1.6427,-1.7863348,Train
198,000111-15-9,O=C(OCCOCC)C,Training,-1.6197,-2.711664,Train
199,000706-14-9,O=C(OC(C1)CCCCCC)C1,Training,-1.2508,-0.9433518,Train
200,000105-53-4,O=C(OCC)CC(=O)OCC,Training,-1.3853,-1.0461696,Train
201,000141-28-6,O=C(OCC)CCCCC(=O)OCC,Training,-1.2538,-0.6422614,Train
202,000141-03-7,O=C(OCCCC)CCC(=O)OCCCC,Training,-0.6487,-0.49797156,Train
203,000105-99-7,O=C(OCCCC)CCCCC(=O)OCCCC,Training,-0.5595,-0.5299848,Test
204,000110-40-7,O=C(OCC)CCCCCCCCC(=O)OCC,Training,-0.4345,-0.90550005,Train
205,014064-10-9,O=C(OCC)C(C(=O)OCC)Cl,Training,0.0232,-1.4583901,Valid
206,000095-08-9,O=C(OCCOCCOCCOC(=O)C(CC)CC)C(CC)CC,Training,-0.9709,-0.71467507,Train
207,000108-05-4,O=C(OC=C)C,Training,-0.3785,-1.3844569,Train
208,000096-33-3,O=C(OC)C=C,Training,-0.1445,-1.4904159,Test
209,000140-88-5,O=C(OCC)C=C,Training,-0.0773,-0.7410713,Test
210,000080-62-6,O=C(OC)C(=C)C,Training,-2.4467,-0.43928355,Train
211,004655-34-9,O=C(OC(C)C)C(=C)C,Training,-1.5777,-0.3581242,Test
212,000096-05-9,O=C(OCC=C)C(=C)C,Training,0.0084,-1.1066496,Train
213,000141-32-2,O=C(OCCCC)C=C,Training,-0.3781,-0.67099243,Train
214,000106-63-8,O=C(OCC(C)C)C=C,Training,-0.3167,-0.52351016,Train
215,000097-88-1,O=C(OCCCC)C(=C)C,Training,-0.746,-0.59125286,Test
216,002499-95-8,O=C(OCCCCCC)C=C,Training,-0.0415,-0.40391853,Train
217,000688-84-6,O=C(OCC(CCCC)CC)C(=C)C,Training,-0.4448,-0.38900462,Train
218,000352-87-4,O=C(OCC(F)(F)F)C(=C)C,Training,-0.9179,-1.0813307,Train
219,003066-71-5,O=C(OC(CCCC1)C1)C=C,Training,-0.1671,-0.50356287,Test
220,000818-61-1,O=C(OCCO)C=C,Training,-0.7476,-0.82959133,Train
221,000868-77-9,O=C(OCCO)C(=C)C,Training,-2.3546,-1.0458335,Train
222,000999-61-1,O=C(OCC(O)C)C=C,Training,-0.5326,-1.0247494,Train
223,002370-63-0,O=C(OCCOCC)C(=C)C,Training,-1.4402,-1.4681828,Train
224,000105-75-9,O=C(OCCCC)C=CC(=O)OCCCC,Training,0.3295,-0.4674133,Train
225,013048-33-4,O=C(OCCCCCCOC(=O)C=C)C=C,Training,0.422,-0.3370416,Train
226,002867-47-2,O=C(OCCN(C)C)C(=C)C,Training,-1.2768,-1.157643,Train
227,002439-35-2,O=C(OCCN(C)C)C=C,Training,-0.9276,-0.5784867,Test
228,002455-24-5,O=C(OCC(OCC1)C1)C(=C)C,Training,-1.5381,-0.55390835,Test
229,003006-82-4,O=C(OOC(C)(C)C)C(CCCC)CC,Training,-0.6603,-0.7457514,Train
230,000137-40-6,CCC(=O)O,Training,-3.5656,-2.5514557,Test
231,000142-62-1,O=C(O)CCCCC,Training,-2.5028,-1.9450213,Train
232,000088-09-5,O=C(O)C(CC)CC,Training,-1.9271,-2.9560428,Train
233,000111-14-8,O=C(O)CCCCCC,Training,-1.8727,-1.8355972,Train
234,000112-05-0,O=C(O)CCCCCCCC,Training,-2.0148,-1.4365537,Train
235,000143-07-7,O=C(O)CCCCCCCCCCC,Training,-0.6964,-1.0866315,Train
236,000144-62-7,O=C(O)C(=O)O,Training,-1.4304,-1.7263815,Train
237,000124-04-9,O=C(O)CCCCC(=O)O,Training,-1.9851,-1.9149426,Train
239,005536-61-8,OC(=O)C(=C)C,Training,-1.8179,-1.9915211,Test
240,000110-44-1,O=C(O)C=CC=CC,Training,-1.8734,-0.9939954,Test
241,000079-11-8,O=C(O)CCl,Training,-1.8564,-2.172887,Train
242,000079-14-1,O=C(O)CO,Training,-1.8906,-2.3001063,Train
243,000298-12-4,O=CC(=O)O,Training,-1.6118,-1.6690712,Train
244,000060-00-4,O=C(O)CN(CCN(CC(=O)O)CC(=O)O)CC(=O)O,Training,-1.868,-2.9886277,Train
245,000075-04-7,NCC,Training,-2.3513,-2.4250963,Test
246,000107-10-8,NCCC,Training,-2.4874,-2.4155626,Train
247,000109-73-9,NCCCC,Training,-2.4234,-2.4047968,Train
248,033966-50-6,CCC(N)C,Training,-2.4364,-2.4038532,Train
249,005813-64-9,CC(C)(C)CN,Training,-2.6755,-2.5428004,Train
250,000110-58-7,NCCCCC,Training,-2.2465,-2.257443,Train
251,000598-74-3,NC(C)C(C)C,Training,-2.449,-2.5796049,Train
252,000111-26-2,NCCCCCC,Training,-1.7513,-1.2719905,Train
253,015673-00-4,CC(C)(C)CCN,Training,-2.7823,-2.232364,Train
254,000111-68-2,NCCCCCCC,Training,-1.3372,-0.8817973,Train
255,000107-45-9,NC(CC(C)(C)C)(C)C,Training,-1.3886,-2.549528,Valid
256,000111-86-4,NCCCCCCCC,Training,-0.7106,-0.6016776,Test
257,000693-16-3,NC(CCCCCC)C,Training,-0.7071,-0.60988593,Train
258,000112-20-9,NCCCCCCCCC,Training,-0.3323,-0.19000427,Train
259,002016-57-1,NCCCCCCCCCC,Training,-0.0118,0.1663357,Valid
260,007307-55-3,CCCCCCCCCCCN,Training,0.68,0.46028042,Train
261,000124-22-1,NCCCCCCCCCCCC,Training,0.9974,0.40115663,Test
262,002869-34-3,NCCCCCCCCCCCCC,Training,1.1752,0.3630031,Test
263,000108-91-8,NC(CCCC1)C1,Training,-1.516,-1.1397685,Train
264,006864-37-5,NC(C(CC(C1)CC(CCC(N)C2C)C2)C)C1,Training,-1.34,-0.337855,Train
265,000080-52-4,NC(C(CCC(N)(C1)C)C1)(C)C,Training,-1.8128,-1.1790605,Train
266,000768-94-5,C(N)(CC(CC1CC23)C2)(C1)C3,Training,-1.3967,-0.6506224,Train
268,000109-89-7,N(CC)CC,Training,-2.2074,-2.1379507,Train
269,000143-16-8,N(CCCCCC)CCCCCC,Training,0.1109,-0.19960578,Test
270,052829-07-9,O=C(OC(CC(NC1(C)C)(C)C)C1)CCCCCCCCC(=O)OC(CC(NC2(C)C)(C)C)C2,Training,-0.7221,-0.66896856,Valid
271,000101-83-7,N(C(CCCC1)C1)C(CCCC2)C2,Training,-1.0767,-0.53705996,Train
272,000141-91-3,O(C(CNC1)C)C1C,Training,-2.5855,-2.4279244,Test
273,000121-44-8,N(CC)(CC)CC,Training,-1.3774,-2.4297917,Test
274,000102-69-2,N(CCC)(CCC)CCC,Training,-1.7043,-1.6624105,Train
275,000124-28-7,N(CCCCCCCCCCCCCCCCCC)(C)C,Training,1.1053,0.33251923,Train
276,000091-65-6,N(C(CCCC1)C1)(CC)CC,Training,-1.3275,-0.7893587,Train
277,007250-67-1,N1(CCCl)CCCC1,Training,-2.0781,-1.931766,Train
278,006921-29-5,C#CCN(CC#C)CC#C,Training,-2.4681,-2.47,Train
279,006948-86-3,CCOC(CN(C)CC(OCC)OCC)OCC,Training,-2.8002,-2.8018,Train
280,000105-14-6,CCN(CC)CCCC(C)=O,Training,-2.5242,-1.5015174,Test
281,022104-62-7,O=C(C(C)CN(C)C)C,Training,-0.927,-2.6536806,Train
282,005407-04-5,ClCCCN(C)C,Training,-2.008,-1.8106673,Test
284,000141-43-5,OCCN,Training,-2.9771,-2.34323,Train
285,000078-96-6,OC(CN)C,Training,-3.3964,-2.4115841,Train
286,000110-73-6,OCCNCC,Training,-0.7276,-3.5995843,Train
287,000111-42-2,OCCNCCO,Training,-4.6696,-2.8860903,Valid
288,000102-81-8,OCCN(CCCC)CCCC,Training,-1.4597,-2.4839904,Valid
290,000096-80-0,OCCN(C(C)C)C(C)C,Training,-2.3,-2.3878584,Test
291,000102-71-6,OCCN(CCO)CCO,Training,-4.0696,-3.4773223,Train
292,000622-40-2,O(CCN(C1)CCO)C1,Training,-3.4333,-3.937417,Test
293,000107-15-3,NCCN,Training,-2.3408,-2.8634808,Test
294,000109-76-2,NCCCN,Training,-3.0778,-2.5954146,Test
295,000078-90-0,NCC(N)C,Training,-2.9998,-2.6122196,Train
296,000124-09-4,NCCCCCCN,Training,-1.8488,-1.51416,Train
297,000109-07-9,N(CCNC1C)C1,Training,-3.3487,-3.2833323,Train
298,000109-01-3,N(CCNC1)(C1)C,Training,-3.3597,-3.4166834,Train
299,000140-31-8,N(CCNC1)(C1)CCN,Training,-3.3384,-3.1744568,Train
300,000103-76-4,OCCN(CCNC1)C1,Training,-3.8046,-2.712332,Train
301,004067-16-7,N(CCNCCNCCNCCN)CCN,Training,-2.3203,-3.1983924,Train
302,003030-47-5,N(CCN(C)C)(CCN(C)C)C,Training,-2.039,-3.3489058,Train
303,007209-38-3,N(CCN(C1)CCCN)(C1)CCCN,Training,-3.4897,-2.7556102,Valid
304,000280-57-9,C(CN(C1)C2)N(C1)C2,Training,-3.2362,-3.1218593,Train
305,000100-97-0,N13CN2CN(CN(C1)C2)C3,Training,-4.6961,-4.696,Train
307,000075-05-8,C(#N)C,Training,-0.0109,-1.6696857,Test
308,000107-12-0,C(#N)CC,Training,-3.18,-0.6993179,Train
309,002243-27-8,N#CCCCCCCCC,Training,-0.7064,-0.8632524,Train
310,002437-25-4,N#CCCCCCCCCCCC,Training,0.2203,0.43932757,Test
312,000545-06-2,C(#N)C(Cl)(Cl)Cl,Training,1.1427,-0.7485428,Train
313,000109-75-1,N#CCC=C,Training,-2.2584,-1.0659777,Train
315,000111-69-3,C(#N)CCCCC(#N),Training,-3.2839,-1.3637908,Train
317,000107-13-1,C(#N)C=C,Training,-0.7068,-0.30531448,Train
318,001855-63-6,C1(C#N)=CCCCC1,Training,-1.6113,-1.866504,Train
319,000406-86-0,N#CC=CC(F)(F)F,Training,0.6994,-0.47621378,Train
320,000920-37-6,N#CC(=C)Cl,Training,1.0761,-0.6486587,Valid
322,000764-42-1,N#CC=CC#N,Training,0.4437,-0.20606236,Train
323,000068-12-2,O=CN(C)C,Training,-4.0231,-2.27346,Train
324,000761-65-9,O=CN(CCCC)CCCC,Training,-1.9462,-1.6860794,Train
325,000683-72-7,O=C(N)C(Cl)Cl,Training,-2.379,-2.3815,Train
326,000947-04-6,O=C(NCCCCCCCCCC1)C1,Training,-1.738,-0.9600793,Train
327,000093-83-4,O=C(N(CCO)CCO)CCCCCCCC=CCCCCCCCC,Training,-0.1737,-0.12260374,Test
328,016669-59-3,O=C(NCOCC(C)C)C=C,Training,-1.7762,-0.9918852,Train
329,000868-63-3,O=C(NC(O)C(O)NC(=O)C=C)C=C,Training,-2.0402,-2.468833,Train
330,000110-26-9,O=C(NCNC(=O)C=C)C=C,Training,-2.379,-2.2367835,Train
331,000060-34-4,N(N)C,Training,0.422,-1.7484653,Train
332,000057-14-7,N(N)(C)C,Training,-0.8948,-1.2812814,Train
335,000106-91-2,O=C(OCC(O1)C1)C(=C)C,Training,-0.4455,-1.4679024,Train
336,000286-62-4,O(C1CCC2)C1CCC2,Training,-2.2987,-2.0703793,Test
337,000106-87-6,O(C1C(CC(O2)C2C3)C3)C1,Training,-1.1742,-1.4449145,Test
338,002425-79-8,O(C1COCCCCOCC(O2)C2)C1,Training,-1.1119,-1.5473771,Valid
339,000075-91-2,O(O)C(C)(C)C,Training,-1.9706,-3.6411057,Test
340,000107-29-9,N(O)=CC,Training,-1.8787,-2.992402,Train
341,000096-29-7,N(O)=C(CC)C,Training,-2.9241,-2.7186792,Train
342,000100-64-1,N(O)=C(CCCC1)C1,Training,-2.3158,-2.5163703,Train
343,000051-79-6,O=C(OCC)N,Training,-3.7182,-2.9638197,Train
344,031502-57-5,C1CCC(CC1)NC(=O)OCCCl,Training,-1.5471,-1.5424,Train
345,003206-31-3,CCOC(=O)N(C(=O)OCC)C(=O)OCC,Training,-1.1223,-1.1224,Train
346,001643-20-5,O=N(CCCCCCCCCCCC)(C)C,Training,-1.4744,0.80319065,Train
347,025377-73-5,O=C1OC(=O)CC1C=CCCCCCCCCCC,Training,-0.5777,-0.48716617,Test
348,000113-48-4,CCCCC(CC)CN3C(=O)C2C1CC(C=C1)C2C3(=O),Training,-0.2992,-0.26909223,Test
349,000075-08-1,SCC,Training,-0.3405,-0.97273356,Train
350,000110-66-7,SCCCCC,Training,-0.1116,-0.24022876,Train
351,000111-88-6,SCCCCCCCC,Training,0.484,0.036882795,Train
352,025103-58-6,SC(CCC)(CCCC)CCCC,Training,0.4228,0.20989539,Train
353,000060-24-2,OCCS,Training,-1.4607,-3.5384066,Train
354,000068-11-1,O=C(O)CS,Training,-1.6009,-2.202869,Train
355,000111-47-7,S(CCC)CCC,Training,-1.3324,-0.57735276,Train
356,000544-40-1,S(CCCC)CCCC,Training,-0.5517,-0.56776416,Train
357,000107-47-1,S(C(C)(C)C)C(C)(C)C,Training,-1.4627,-0.90864104,Train
358,050512-35-1,CC(C)OC(=O)C(C(=O)OC(C)C)=C1SCCS1,Training,-0.9671,-0.44041866,Test
359,005395-75-5,S(CC)CCSCC,Training,-1.7766,-1.078113,Train
360,056348-40-4,CSCCCCCCSC,Training,-1.0022,-0.66496587,Train
361,022037-97-4,CCCSCCSCCC,Training,-0.8717,-1.1031489,Train
362,054576-32-8,S(CC)CCCCSCC,Training,-0.7797,-0.71195227,Train
363,N.A.,CCCSCCCCSCCC,Training,-0.4736,-0.79483724,Test
364,000624-92-0,S(SC)C,Training,-0.0401,-1.0776,Train
365,000110-81-6,S(SCC)CC,Training,-1.0776,-0.41142735,Test
366,004253-89-8,S(SC(C)C)C(C)C,Training,-0.9166,-0.67082775,Test
367,000629-19-6,S(SCCC)CCC,Training,-0.4156,-0.874861,Train
368,000110-06-5,S(SC(C)(C)C)C(C)(C)C,Training,-0.1367,-0.97407997,Valid
369,000067-68-5,O=S(C)C,Training,-4.5306,-4.5298,Test
372,023135-22-0,CNC(=O)ON=C(SC)C(=O)N(C)C,Training,-0.9179,-0.7151833,Valid
374,014802-03-0,O=P(OCC(CC)CCCC)(CC(CC)CCCC)O,Training,-1.9888,-0.70451653,Train
375,000126-73-8,O=P(OCCCC)(OCCCC)OCCCC,Training,-1.0747,-1.0778717,Train
376,000078-51-3,O=P(OCCOCCCC)(OCCOCCCC)OCCOCCCC,Training,-1.1827,-1.2368618,Train
377,000126-72-7,O=P(OCC(Br)CBr)(OCC(Br)CBr)OCC(Br)CBr,Training,-0.2781,-1.0747,Train
380,000121-75-5,CCOC(=O)CC(SP(=S)(OC)OC)C(=O)OCC,Training,-1.1476,-1.1479,Train
381,013071-79-9,CCOP(=S)(OCC)SCSC(C)(C)C,Training,1.8775,-0.7916233,Train
383,000577-11-7,CCCCC(CC)COC(=O)CC(C(=O)OCC(CC)CCCC)S(=O)(=O)O,Training,-1.8305,-0.5791948,Train
384,004016-24-4,S(=O)(=O)(O)C(CCCCCCCCCCCCCC)C(=O)OC,Training,-0.174,-0.97525704,Train
385,000071-43-2,c(cccc1)c1,Training,-1.4828,-1.1417452,Train
386,000108-88-3,c(cccc1)(c1)C,Training,-1.3677,-1.0051974,Train
387,000100-41-4,c(cccc1)(c1)CC,Training,-0.8526,-1.0951201,Train
388,000106-42-3,c(ccc(c1)C)(c1)C,Training,-0.9871,-1.1091329,Test
389,000108-38-3,c(cccc1C)(c1)C,Training,-1.2574,-1.0367384,Train
390,000095-47-6,c(c(ccc1)C)(c1)C,Training,-0.9188,-1.1240013,Train
391,000095-63-6,c(ccc(c1C)C)(c1)C,Training,-0.8868,-0.8808732,Test
392,000098-82-8,c(cccc1)(c1)C(C)C,Training,-0.7988,-0.5043693,Train
393,000141-93-5,c(cccc1CC)(c1)CC,Training,-0.6157,-0.541015,Train
394,000104-51-8,c(cccc1)(c1)CCCC,Training,-0.5164,-0.6065725,Test
395,000099-87-6,c(ccc(c1)C)(c1)C(C)C,Training,-0.2989,-0.39025232,Train
396,000538-68-1,c(cccc1)(c1)CCCCC,Training,-0.2298,-0.48743325,Train
397,000098-51-1,c(ccc(c1)C)(c1)C(C)(C)C,Training,-0.2283,-0.17227957,Train
398,025321-09-9,c(ccc1C(C)C)cc1C(C)C,Training,0.102,-0.47490877,Train
399,000827-52-1,c(cccc1)(c1)C(CCCC2)C2,Training,-0.0772,-0.5618029,Test
400,000119-64-2,c(c(ccc1)CCC2)(c1)C2 ,Training,-0.7763,-0.3456354,Train
401,030030-25-2,C=Cc1ccc(cc1)CCl,Training,0.5096,-0.33535454,Train
402,000098-83-9,c(C(=C)C)(cccc1)c1,Training,-0.8616,-0.49712154,Test
403,001321-74-0,C=Cc1ccccc1C=C,Training,-0.6217,-0.6162652,Valid
404,001746-23-2,c(ccc(c1)C=C)(c1)C(C)(C)C,Training,0.3122,-0.3261465,Train
405,000098-81-7,BrC(c1ccccc1)=C,Training,0.8248,-0.49383348,Train
406,000127-66-2,OC(C#C)(c(cccc1)c1)C,Training,-2.0524,-1.6149702,Train
407,000098-87-3,c(cccc1)(c1)C(Cl)Cl,Training,-1.3609,0.29152423,Train
408,000623-25-6,c(ccc(c1)CCl)(c1)CCl,Training,1.4089,-0.18386918,Train
409,000095-52-3,Fc(c(ccc1)C)c1,Training,-1.2875,-0.75428253,Train
410,000098-08-8,FC(F)(F)c(cccc1)c1,Training,-1.2779,-1.1740826,Test
411,000108-90-7,c(cccc1)(c1)Cl,Training,-1,-0.8653915,Test
412,000095-49-8,c(c(ccc1)Cl)(c1)C,Training,-0.8853,-0.8658807,Valid
413,000108-41-8,c(cccc1Cl)(c1)C,Training,-1.2612,-0.8101675,Train
414,000106-43-4,c(ccc(c1)Cl)(c1)C,Training,-0.7762,-0.96776915,Train
415,000095-50-1,c(c(ccc1)Cl)(c1)Cl,Training,-0.6941,-0.5135611,Train
416,000541-73-1,c(cccc1Cl)(c1)Cl,Training,-0.8486,-0.5055818,Train
417,000106-46-7,c(ccc(c1)Cl)(c1)Cl,Training,-0.5379,-0.6216401,Train
418,000095-73-8,c(ccc(c1Cl)C)(c1)Cl,Training,-0.666,-0.2628738,Valid
419,000095-75-0,c(ccc(c1Cl)Cl)(c1)C,Training,-0.569,-0.4729032,Train
420,000118-69-4,c(c(c(cc1)Cl)C)(c1)Cl,Training,-0.3609,-0.34336334,Train
421,000611-19-8,c(c(ccc1)Cl)(c1)CCl,Training,0.5695,-0.7443638,Valid
422,019398-61-9,c(ccc(c1C)Cl)(c1)Cl,Training,-0.6012,-0.28012514,Valid
423,000087-61-6,c(c(c(cc1)Cl)Cl)(c1)Cl,Training,-0.2416,-0.20977822,Train
424,000108-70-3,c(cc(cc1Cl)Cl)(c1)Cl,Training,-0.5133,-0.35803714,Test
425,000120-82-1,c(ccc(c1Cl)Cl)(c1)Cl,Training,-0.3672,-0.17272557,Test
426,006639-30-1,c(c(cc(c1Cl)Cl)Cl)(c1)C,Training,-0.2304,-0.5498833,Test
427,000634-66-2,c(c(c(c(c1)Cl)Cl)Cl)(c1)Cl,Training,0.0161,0.15521851,Valid
428,000634-90-2,c(cc(c(c1Cl)Cl)Cl)(c1)Cl,Training,0.0961,0.13375986,Test
429,000095-94-3,c(c(cc(c1Cl)Cl)Cl)(c1)Cl,Training,0.2211,0.100230716,Train
430,000081-19-6,c(c(c(cc1)Cl)C(Cl)Cl)(c1)Cl,Training,0.0114,-0.17058863,Train
431,000608-93-5,c(c(c(c(c1Cl)Cl)Cl)Cl)(c1)Cl,Training,0.6617,0.24020109,Train
432,000348-61-8,Fc1c(F)cc(Br)cc1,Training,-0.8916,-0.57083493,Train
433,000108-86-1,c(cccc1)(c1)Br,Training,-0.6327,-1.0403978,Train
434,000583-53-9,c(c(ccc1)Br)(c1)Br,Training,-0.6048,-0.93084764,Train
435,013209-15-9,BrC(Br)c(c(ccc1)C(Br)Br)c1,Training,0.3579,-0.29938927,Train
436,025675-28-9,CC(O)c1cc(C)ccc1,Training,-2.2286,-1.2067963,Train
437,000103-05-9,OC(CCc(cccc1)c1)(C)C,Training,-1.8219,-0.41054544,Test
438,002362-61-0,OC1CCCCC1c2ccccc2,Training,-1.6452,-0.41935778,Train
439,000150-78-7,O(c(ccc(OC)c1)c1)C,Training,-2.0688,-1.8886741,Train
440,001126-79-0,O(c(cccc1)c1)CCCC,Training,-0.7568,-2.3391569,Train
441,005673-07-4,COc1c(C)c(OC)ccc1,Training,-1.3078,-1.5059775,Train
442,002100-42-7,COc1c(Cl)cc(OC)cc1,Training,-1.4459,-1.180131,Train
443,000093-15-2,O(c(c(OC)cc(c1)CC=C)c1)C,Training,-1.1444,-1.3654708,Train
444,000122-99-6,O(c(cccc1)c1)CCO,Training,-2.5373,-2.225675,Test
445,000770-35-4,O(c(cccc1)c1)CC(O)C,Training,-2.4456,-1.8759245,Valid
446,004169-04-4,O(c(cccc1)c1)C(CO)C,Training,-2.4456,-1.8959186,Train
447,009002-93-1,CC(C)(C)CC(C)(C)c1ccc(OCCO)cc1,Training,-1.378,-0.17017482,Valid
448,013909-73-4,CC(=O)c1c(OC)c(OC)c(OC)cc1,Training,-2.3686,-0.72747666,Train
449,000607-81-8,c1ccccc1CC(C(=O)OCC)C(=O)OCC,Training,-0.7328,-0.085780226,Train
450,000122-40-7,O=CC(=Cc(cccc1)c1)CCCCC,Training,0.0428,-0.55361015,Train
451,006203-18-5,O=CC=Cc(ccc(N(C)C)c1)c1,Training,-0.7691,-1.4228024,Train
452,000122-57-6,O=C(C=Cc(cccc1)c1)C,Training,-0.7544,-0.5282821,Train
453,020766-36-3,c1c(Cl)cccc1C=CC(=O)C,Training,-0.476,-0.84585744,Train
454,002495-37-6,O=C(OCc(cccc1)c1)C(=C)C,Training,-0.6675,-1.5811465,Test
455,000108-95-2,Oc(cccc1)c1,Training,-1.2955,-1.335742,Train
456,000106-44-5,Oc(ccc(c1)C)c1,Training,-1.109,-1.0777999,Train
457,000108-39-4,Oc(cccc1C)c1,Training,-1.2524,-1.0386144,Train
458,000095-48-7,Oc(c(ccc1)C)c1,Training,-1.1094,-1.0967485,Train
459,000095-87-4,Oc(c(ccc1C)C)c1,Training,-0.7541,-1.1476532,Valid
460,000123-07-9,Oc(ccc(c1)CC)c1,Training,-1.0152,-1.0274922,Train
461,000105-67-9,Oc(c(cc(c1)C)C)c1,Training,-1.2357,-1.0719472,Train
462,000095-65-8,Oc(ccc(c1C)C)c1,Training,-1.1652,-1.1203411,Test
463,000576-26-1,Oc(c(ccc1)C)c1C,Training,-1.2552,-1.067554,Train
464,002416-94-6,Oc(c(ccc1C)C)c1C,Training,-0.9173,-1.0675688,Test
465,000645-56-7,Oc(ccc(c1)CCC)c1,Training,-1.0408,-0.6332264,Valid
466,000527-60-6,Oc(c(cc(c1)C)C)c1C,Training,-1.1123,-1.042051,Test
467,000099-71-8,Oc(ccc(c1)C(CC)C)c1,Training,-0.413,-0.7322546,Train
468,000089-83-8,Oc(c(ccc1C)C(C)C)c1,Training,-0.6701,-0.50122494,Train
469,001638-22-8,Oc(ccc(c1)CCCC)c1,Training,-0.7048,-0.493,Train
470,000098-54-4,Oc(ccc(c1)C(C)(C)C)c1,Training,-0.7135,-0.5150361,Train
471,000089-72-5,Oc(c(ccc1)C(CC)C)c1,Training,-0.7762,-0.60245466,Train
472,000088-18-6,Oc(c(ccc1)C(C)(C)C)c1,Training,-0.5662,-0.61303324,Train
473,014938-35-3,Oc(ccc(c1)CCCCC)c1,Training,-0.1184,-0.13490283,Train
474,000088-60-8,Oc(c(ccc1C)C(C)(C)C)c1,Training,-0.4293,-0.5394414,Train
475,002219-82-1,Oc(c(ccc1)C(C)(C)C)c1C,Training,-0.6314,-0.4176752,Train
476,000080-46-6,Oc(ccc(c1)C(CC)(C)C)c1,Training,-0.4079,-0.7311756,Train
477,002409-55-4,Oc(c(cc(c1)C)C(C)(C)C)c1,Training,-0.2934,-0.5066629,Train
478,001879-09-0,Oc(c(cc(c1)C)C(C)(C)C)c1C,Training,-0.3958,-0.3007344,Valid
479,001806-26-4,Oc(ccc(c1)CCCCCCCC)c1,Training,1.0577,0.15953581,Train
480,000096-76-4,Oc(c(cc(c1)C(C)(C)C)C(C)(C)C)c1,Training,0.1697,-0.055718567,Test
481,000140-66-9,Oc(ccc(c1)C(CC(C)(C)C)(C)C)c1,Training,0.4459,0.1752942,Train
482,005510-99-6,CCC(C)c1cccc(C(C)CC)c1O,Training,0.8261,0.08684692,Train
483,000128-37-0,Oc(c(cc(c1)C)C(C)(C)C)c1C(C)(C)C,Training,0.1999,0.30744675,Train
484,000104-40-5,Oc(ccc(c1)CCCCCCCCC)c1,Training,0.8577,0.22649384,Test
485,000120-95-6,Oc(c(cc(c1)C(CC)(C)C)C(CC)(C)C)c1,Training,0.5399,0.3589351,Train
486,004130-42-1,Oc(c(cc(c1)CC)C(C)(C)C)c1C(C)(C)C,Training,0.2315,0.52884483,Train
487,000732-26-3,Oc(c(cc(c1)C(C)(C)C)C(C)(C)C)c1C(C)(C)C,Training,1.2174,0.28026947,Train
488,061788-44-1,Oc1c(cccc1)C=C,Training,-0.7467,-1.1062583,Test
489,001745-81-9,Oc(c(ccc1)CC=C)c1,Training,-1.1556,-0.8260108,Test
490,004286-23-1,Oc(ccc(C(=C)C)c1)c1,Training,-0.9622,-0.9085514,Train
491,000106-48-9,Oc(ccc(c1)Cl)c1,Training,-0.7353,-0.743523,Train
492,000108-43-0,Oc(cccc1Cl)c1,Training,-0.8082,-0.63384414,Train
493,000095-57-8,Oc(c(ccc1)Cl)c1,Training,-1.0734,-0.9781272,Train
494,006640-27-3,Oc(c(cc(c1)C)Cl)c1,Training,-1.5529,-0.70780754,Train
495,000059-50-7,Oc(ccc(c1C)Cl)c1,Training,-0.8114,-0.8364782,Train
496,000088-04-0,Oc(cc(c(c1C)Cl)C)c1,Training,-0.2085,-0.9899139,Test
497,000591-35-5,Oc1cc(Cl)cc(Cl)c1,Training,-0.4315,-0.60136485,Train
498,000583-78-8,Oc(c(ccc1Cl)Cl)c1,Training,-0.6315,-0.66680586,Train
499,000120-83-2,Oc(c(cc(c1)Cl)Cl)c1,Training,-0.6174,-0.5867836,Train
500,000087-65-0,Oc(c(ccc1)Cl)c1Cl,Training,-0.8915,-0.51446784,Train
501,000933-75-5,Oc(c(ccc1Cl)Cl)c1Cl,Training,-0.735,-0.2344747,Train
502,000933-78-8,Oc1cc(Cl)cc(Cl)c1Cl,Training,-0.375,-0.32700214,Train
503,000609-19-8,Oc1cc(Cl)c(Cl)c(Cl)c1,Training,-0.215,-0.36485264,Train
504,000088-06-2,Oc(c(cc(c1)Cl)Cl)c1Cl,Training,-0.3576,-0.32905847,Train
505,000095-95-4,Oc(c(cc(c1Cl)Cl)Cl)c1,Training,0.005,-0.42240927,Train
506,000058-90-2,Oc(c(cc(c1Cl)Cl)Cl)c1Cl,Training,0.1206,0.20827416,Train
507,004901-51-3,Oc1cc(Cl)c(Cl)c(Cl)c1Cl,Training,0.2706,0.1682661,Train
508,000935-95-5,Oc1c(Cl)c(Cl)cc(Cl)c1Cl,Training,-0.1049,0.09371519,Valid
509,000087-86-5,Oc(c(c(c(c1Cl)Cl)Cl)Cl)c1Cl,Training,0.6894,0.047474615,Test
510,000106-41-2,Oc(ccc(c1)Br)c1,Training,-0.9388,-0.7894273,Train
511,000615-58-7,Oc(c(cc(c1)Br)Br)c1,Training,-0.5558,-0.6395143,Train
512,000118-79-6,Oc(c(cc(c1)Br)Br)c1Br,Training,-0.6052,-0.14505342,Train
513,000608-71-9,Oc(c(c(c(c1Br)Br)Br)Br)c1Br,Training,1.0313,-0.38108104,Test
514,000609-23-4,Oc(c(cc(c1)I)I)c1I,Training,-0.0837,-0.5157734,Train
515,000150-19-6,O(c(cccc1O)c1)C,Training,-1.8712,-1.7133384,Train
516,000150-76-5,O(c(ccc(O)c1)c1)C,Training,-1.8452,-1.7219278,Test
517,025013-16-5,COc1ccc(O)c(c1)C(C)(C)C,Training,-0.7615,-0.7923168,Train
518,002460-49-3,COc1cc(Cl)c(Cl)cc1O,Training,-0.6473,-0.43537596,Test
519,000552-41-0,COc1ccc(C(C)=O)c(O)c1,Training,-1.7386,-1.0204772,Test
520,000099-76-3,O=C(OC)c(ccc(O)c1)c1,Training,-1.7769,-1.6180768,Train
521,000118-61-6,O=C(OCC)c(c(O)ccc1)c1,Training,-1.2921,-1.637254,Train
522,000090-02-8,O=Cc(c(O)ccc1)c1,Training,-0.2819,-1.7222127,Train
523,000121-33-5,O=Cc(ccc(O)c1OC)c1,Training,-1.838,-1.318122,Valid
524,000121-32-4,O=Cc(ccc(O)c1OCC)c1,Training,-1.9401,-1.3461963,Test
525,000708-76-9,COc1cc(O)c(C=O)c(OC)c1,Training,-0.4281,-1.755105,Train
526,000148-53-8,O=Cc(c(O)c(OC)cc1)c1,Training,-0.3975,-1.5731367,Test
527,000635-93-8,O=Cc(c(O)ccc1Cl)c1,Training,0.1142,-0.74849164,Train
528,001761-61-1,O=Cc(c(O)ccc1Br)c1,Training,-0.1135,-0.28236985,Test
529,000090-59-5,Oc1c(Br)cc(Br)cc1C=O,Training,0.0724,-0.5682705,Train
530,002973-76-4,O=Cc(cc(OC)c(O)c1Br)c1,Training,-1.7739,-1.0901097,Test
531,042454-06-8,Oc1ccc([N+](=O)[O-])c(C=O)c1,Training,-1.6213,-1.2381442,Train
532,098434-34-5,COc1c([N+](=O)[O-])c(C=O)cc(Br)c1O,Training,-1.8645,-1.051499,Test
533,000100-02-7,[O-][N+](=O)c(ccc(O)c1)c1,Training,-1.2517,-1.7731732,Train
534,000554-84-7,[O-][N+](=O)c(cccc1O)c1,Training,-1.0725,-1.744295,Train
535,000088-75-6,[O-][N+](=O)c(c(O)ccc1)c1,Training,-2.003,-1.3754065,Test
536,000089-64-5,[O-][N+](=O)c(c(O)ccc1Cl)c1,Training,-1.0408,-1.4394158,Train
537,000088-30-2,Oc(ccc1N(=O)=O)cc1C(F)(F)F,Training,-0.9581,-1.5050803,Train
538,000573-56-8,Oc1c(cccc1[N+](=O)[O-])[N+](=O)[O-],Training,-1.5986,-0.7367823,Test
539,000051-28-5,[O-][N+](=O)c(ccc(O)c1N(=O)(=O))c1,Training,-1.1236,-0.8676476,Train
540,000534-52-1,[O-][N+](=O)c(cc([N+](=O)[O-])c(O)c1C)c1,Training,-0.1628,-0.9896715,Test
541,000329-71-5,Oc1cc(ccc1[N+](=O)[O-])[N+](=O)[O-],Training,-0.5251,-1.0411605,Train
542,000088-85-8,[O-][N+](=O)c(cc([N+](=O)[O-])c(O)c1C(CC)C)c1,Training,0.3535,-0.44852245,Train
543,000108-46-3,Oc(cccc1O)c1,Training,-1.9005,-1.4699228,Train
544,000120-80-9,Oc(c(O)ccc1)c1,Training,-0.9563,-1.7385296,Train
545,002138-22-9,Oc1ccc(Cl)cc1O,Training,-0.1991,-0.47543153,Train
546,003428-24-8,Oc1cc(Cl)c(Cl)cc1O,Training,0.0493,-0.37275562,Train
547,001198-55-6,Oc(c(c(c(c1Cl)Cl)Cl)Cl)c1O,Training,-0.1039,0.24264534,Train
548,000095-01-2,O=Cc(c(O)cc(O)c1)c1,Training,-1.1177,-1.0734768,Train
549,002150-47-2,O=C(OC)c(c(O)cc(O)c1)c1,Training,-1.622,-1.450587,Test
550,000123-30-8,Oc(ccc(N)c1)c1,Training,0.0327,-1.0736375,Test
551,000591-27-5,Oc(cccc1N)c1,Training,-2.078,-0.43984336,Train
552,000119-34-6,O=N(=O)c(c(O)ccc1N)c1,Training,-1.5524,-1.6653707,Train
553,N.A.,c1cc(NCOC)ccc1O,Training,-2.9137,-1.8668141,Train
554,017754-90-4,O=Cc(c(O)cc(N(CC)CC)c1)c1,Training,-0.726,-2.202944,Valid
557,000095-70-5,Nc(c(cc(N)c1)C)c1,Training,0.7226,-0.6212074,Train
558,020103-09-7,Nc(c(cc(N)c1Cl)Cl)c1,Training,-1.3419,-0.61245966,Train
559,000101-96-2,N(c(ccc(NC(CC)C)c1)c1)C(CC)C,Training,0.4338,-0.55990297,Train
560,001477-55-0,NCc(cccc1CN)c1,Training,-1.943,-1.1297804,Valid
561,000062-53-3,Nc(cccc1)c1,Training,-1.8524,-1.8347383,Train
562,000106-49-0,Nc(ccc(c1)C)c1,Training,-1.8568,-1.716172,Valid
563,000108-44-1,Nc(cccc1C)c1,Training,-1.5585,-1.7251997,Train
564,000095-53-4,Nc(c(ccc1)C)c1,Training,-2.0435,-1.7055134,Train
565,000108-69-0,Nc(cc(cc1C)C)c1,Training,-1.5298,-1.6457599,Test
566,000578-54-1,Nc(c(ccc1)CC)c1,Training,-1.8717,-1.705927,Train
567,000587-02-0,CCc1cccc(N)c1,Training,-1.4317,-1.7037188,Train
568,000589-16-2,Nc(ccc(c1)CC)c1,Training,-1.7117,-1.7001412,Train
569,000088-05-1,Nc(c(cc(c1)C)C)c1C,Training,-1.7385,-1.7678101,Test
570,000099-88-7,CC(C)c1ccc(N)cc1,Training,-1.6609,-1.6372812,Test
571,000104-13-2,Nc(ccc(c1)CCCC)c1,Training,-1.0082,-0.87844944,Test
572,024544-04-5,Nc(c(ccc1)C(C)C)c1C(C)C,Training,-1.1666,-1.7025748,Train
573,037529-30-9,CCCCCCCCCCc1ccc(N)cc1,Training,1.2132,0.46540344,Train
574,016245-79-7,Nc1ccc(CCCCCCCC)cc1,Training,0.9205,0.534533,Train
575,000371-40-4,Fc(ccc(N)c1)c1,Training,-1.2258,-1.3785574,Train
576,N.A.,Fc1c(C)c(F)c(F)c(F)c1N,Training,-1.4825,-1.4973509,Train
577,N.A.,Cc1c(F)c(F)c(F)c(F)c1N,Training,-1.4725,-1.500298,Train
578,002357-47-3,Nc1ccc(F)c(c1)C(F)(F)F,Training,-1.48,-1.5174024,Train
579,000393-39-5,Nc1ccc(F)cc1C(F)(F)F,Training,-1.4715,-1.519834,Train
580,000771-60-8,Fc(c(N)c(F)c(F)c1F)c1F,Training,-1.5715,-1.1503602,Valid
581,000108-42-9,Nc(cccc1Cl)c1,Training,-1.0349,-0.7379166,Train
582,000095-51-2,Nc(c(ccc1)Cl)c1,Training,-0.8047,-1.1956487,Train
583,000106-47-8,Nc(ccc(c1)Cl)c1,Training,-1.1836,-0.86704206,Train
584,000095-81-8,Cc1ccc(Cl)c(N)c1,Training,-1.0403,-1.1602583,Train
585,000615-65-6,Nc(c(cc(c1)C)Cl)c1,Training,-1.552,-1.0150163,Train
586,000095-82-9,Nc(c(ccc1Cl)Cl)c1,Training,-0.279,-0.87097675,Train
587,000095-76-1,Nc(ccc(c1Cl)Cl)c1,Training,-0.7527,-0.5215071,Test
588,000554-00-7,Nc(c(cc(c1)Cl)Cl)c1,Training,-0.854,-0.5633705,Train
589,000634-67-3,Nc1ccc(Cl)c(Cl)c1Cl,Training,-0.3523,-0.0289174,Train
590,000636-30-6,Nc(c(cc(c1Cl)Cl)Cl)c1,Training,-0.3728,-0.01957378,Test
591,000634-93-5,Nc(c(cc(c1)Cl)Cl)c1Cl,Training,-0.6428,-0.2934788,Train
592,003481-20-7,Nc1c(Cl)c(Cl)cc(Cl)c1Cl,Training,0.5679,-0.20140368,Test
593,000634-83-3,Nc1cc(Cl)c(Cl)c(Cl)c1Cl,Training,0.4469,-0.16990156,Train
594,000626-43-7,Nc(cc(cc1Cl)Cl)c1,Training,-0.589,-0.71956176,Train
595,000106-40-1,Nc(ccc(c1)Br)c1,Training,-1.6752,-1.0622488,Train
596,000090-04-0,O(c(c(N)ccc1)c1)C,Training,-2.2996,-1.4173433,Train
597,051963-82-7,O(CCN(c(c(OCC)cc(N)c1OCC)c1)C2)C2,Training,-1.3408,-0.8550208,Train
598,039905-57-2,O(c(ccc(N)c1)c1)CCCCCC,Training,-0.4748,-0.7983344,Train
599,000099-03-6,O=C(c(cccc1N)c1)C,Training,-2.5801,-1.7585223,Train
600,000070-69-9,O=C(c(ccc(N)c1)c1)CC,Training,-2.1628,-1.7818748,Train
601,000886-86-2,Nc1cc(C(=O)OCC)ccc1,Training,-1.6966,-1.3741505,Train
602,000094-09-7,O=C(OCC)c(ccc(N)c1)c1,Training,-1.5466,-1.608087,Train
603,005372-81-6,O=C(OC)c(ccc(c1N)C(=O)OC)c1,Training,-0.9394,-1.3456979,Test
604,000100-46-9,NCc(cccc1)c1,Training,-2.008,-1.7595658,Train
605,085068-29-7,FC(F)(F)c1cc(C(F)(F)F)cc(CN)c1,Training,-1.0407,-1.1770699,Train
606,000100-61-8,N(c(cccc1)c1)C,Training,-1.8785,-1.7860814,Train
607,000103-69-5,N(c(cccc1)c1)CC,Training,-1.8646,-1.6468363,Train
608,000102-27-2,N(c(cccc1C)c1)CC,Training,-1.6912,-1.6369649,Test
609,000589-09-3,C=CCNc1ccccc1,Training,-1.5534,-1.6911914,Train
610,000459-59-6,CNc1ccc(F)cc1,Training,-1.5832,-1.6287497,Train
611,014321-27-8,N(Cc(cccc1)c1)CC,Training,-1.7552,-1.7349206,Train
612,000121-69-7,N(c(cccc1)c1)(C)C,Training,-1.8467,-1.698284,Train
613,000099-97-8,N(c(ccc(c1)C)c1)(C)C,Training,-1.7017,-1.7641418,Train
614,000091-66-7,N(c(cccc1)c1)(CC)CC,Training,-1.3122,-1.7780491,Train
615,000091-88-3,OCCN(c(cccc1C)c1)CC,Training,-1.7216,-1.967399,Train
616,000120-07-0,OCCN(c(cccc1)c1)CCO,Training,-2.8665,-1.682782,Test
617,000100-10-7,O=Cc(ccc(N(C)C)c1)c1,Training,-1.6603,-1.9387735,Train
618,000120-21-8,O=Cc(ccc(N(CC)CC)c1)c1,Training,-1.3769,-1.3994234,Train
619,000103-83-3,N(Cc(cccc1)c1)(C)C,Training,-1.5752,-1.7896369,Train
620,034274-04-9,COCCCNCc1cc(OC)c(OC)c(OC)c1,Training,-2.1315,-1.4771283,Train
621,000100-01-6,[O-][N+](=O)c(ccc(N)c1)c1,Training,-2.003,-1.5573637,Train
622,000099-09-2,[O-][N+](=O)c(cccc1N)c1,Training,-1.9245,-1.6494243,Train
623,000088-74-4,[O-][N+](=O)c(c(N)ccc1)c1,Training,-0.9895,-1.826267,Train
624,000121-87-9,[O-][N+](=O)c(ccc(N)c1Cl)c1,Training,-1.2989,-1.0605352,Train
625,000089-63-4,[O-][N+](=O)c(c(N)ccc1Cl)c1,Training,-1.2299,-1.1476195,Train
626,000616-86-4,[O-][N+](=O)c(c(N)ccc1OCC)c1,Training,-1.4104,-1.5017376,Test
627,000096-96-8,[O-][N+](=O)c(c(N)ccc1OC)c1,Training,-1.6119,-1.4409648,Test
628,000100-52-7,O=Cc(cccc1)c1,Training,-0.9376,-1.8531206,Train
629,000529-20-4,Cc1ccccc1C=O,Training,-1.7203,-1.2727187,Train
630,000487-68-3,O=Cc(c(cc(c1)C)C)c1C,Training,-1.0775,-1.1450495,Train
631,000122-03-2,O=Cc(ccc(c1)C(C)C)c1,Training,-0.8191,-1.4304987,Train
632,000446-52-6,Fc1ccccc1C=O,Training,-0.1313,-0.8806589,Train
633,000653-37-2,Fc1c(F)c(F)c(C=O)c(F)c1F,Training,-0.0415,-1.3926187,Train
634,000454-89-7,O=Cc(cccc1C(F)(F)F)c1,Training,0.0385,-1.5154415,Train
635,000104-88-1,O=Cc(ccc(c1)Cl)c1,Training,-0.3395,-0.26052764,Train
636,000874-42-0,O=Cc(c(cc(c1)Cl)Cl)c1,Training,-0.2534,-1.0847168,Train
637,000387-45-1,O=Cc(c(ccc1)Cl)c1F,Training,-0.971,-0.43560493,Train
638,000123-11-5,O=Cc(ccc(OC)c1)c1,Training,-1.6007,-1.215711,Test
639,010031-82-0,O=Cc(ccc(OCC)c1)c1,Training,-1.4461,-1.833637,Valid
640,000613-45-6,COc1ccc(C=O)c(OC)c1,Training,-1.3006,-1.0611582,Test
641,004460-86-0,O=Cc(c(OC)cc(OC)c1OC)c1,Training,-1.6922,-1.1547585,Valid
642,061096-84-2,CCCCCCOc1ccc(C=O)cc1OC,Training,-0.4246,-1.6301762,Train
643,000098-86-2,O=C(c(cccc1)c1)C,Training,-2.2083,-1.1306561,Train
644,002234-16-4,O=C(c(c(cc(c1)Cl)Cl)c1)C,Training,-1.0712,-1.202503,Train
645,013608-87-2,CC(=O)c1ccc(Cl)c(Cl)c1Cl,Training,-0.2996,-0.86774284,Train
646,000093-91-4,O=C(c(cccc1)c1)CC(=O)C,Training,-0.0391,-1.1064785,Train
647,001204-21-3,COc1ccc(OC)c(c1)C(=O)CBr,Training,1.1176,-1.788744,Train
648,001126-46-1,O=C(OC)c(ccc(c1)Cl)c1,Training,-1.041,-1.2320489,Train
649,002905-69-3,O=C(OC)c(c(ccc1Cl)Cl)c1,Training,-1.1431,-1.2095515,Test
650,000084-66-2,O=C(OCC)c(c(ccc1)C(=O)OCC)c1,Training,-1.4113,-0.024069587,Train
651,000084-69-5,O=C(OCC(C)C)c(c(ccc1)C(=O)OCC(C)C)c1,Training,-0.4728,-0.33175984,Test
652,000084-74-2,O=C(OCCCC)c(c(ccc1)C(=O)OCCCC)c1,Training,-0.2011,-0.36789382,Valid
653,000117-81-7,O=C(OCC(CCCC)CC)c(c(ccc1)C(=O)OCC(CCCC)CC)c1,Training,-1.873,-0.103707425,Train
654,000131-17-9,O=C(OCC=C)c(c(ccc1)C(=O)OCC=C)c1,Training,0.3579,-0.5283305,Train
655,003126-90-7,c1c(C(=O)OCCCC)cccc1C(=O)OCCCC,Training,0.0839,-0.39852926,Train
656,001962-75-0,CCCCOC(=O)c1ccc(cc1)C(=O)OCCCC,Training,0.2312,-0.4457848,Test
657,000532-32-1,OC(=O)c1ccccc1,Training,-2.6118,-1.5128225,Train
658,000099-04-7,O=C(O)c(cccc1C)c1,Training,-1.9124,-2.0051064,Test
659,000099-94-5,O=C(O)c(ccc(c1)C)c1,Training,-1.8048,-2.0390913,Train
660,000069-72-7,O=C(O)c(c(O)ccc1)c1,Training,-1.59,-1.3155756,Train
661,000099-96-7,O=C(O)c(ccc(O)c1)c1,Training,-1.9674,-1.7573313,Train
662,019715-19-6,O=C(O)c(c(O)c(cc1C(C)(C)C)C(C)(C)C)c1,Training,-0.4294,0.44490734,Train
663,000098-95-3,[O-][N+](=O)c(cccc1)c1,Training,-2.0982,-1.627267,Train
664,000099-08-1,[O-][N+](=O)c(cccc1C)c1,Training,-1.4464,-1.2148955,Test
665,000088-72-2,[O-][N+](=O)c(c(ccc1)C)c1,Training,-1.5461,-1.4529932,Train
666,000099-99-0,[O-][N+](=O)c(ccc(c1)C)c1,Training,-1.5161,-1.5086334,Train
667,000099-51-4,[O-][N+](=O)c(ccc(c1C)C)c1,Training,-0.9682,-1.3077898,Train
668,000083-41-0,[O-][N+](=O)c(c(c(cc1)C)C)c1,Training,-0.7882,-1.356998,Valid
669,000100-14-1,[O-][N+](=O)c(ccc(c1)CCl)c1,Training,0.2154,-1.1199515,Valid
670,000350-46-9,[O-][N+](=O)c(ccc(F)c1)c1,Training,-1.4509,-0.94497114,Train
671,000100-00-5,[O-][N+](=O)c(ccc(c1)Cl)c1,Training,-0.7768,-1.071073,Test
672,000088-73-3,[O-][N+](=O)c(c(ccc1)Cl)c1,Training,-1.4768,-0.88648385,Train
673,000089-59-8,[O-][N+](=O)c(c(ccc1Cl)C)c1,Training,-0.7937,-0.81702846,Valid
674,000611-06-3,[O-][N+](=O)c(c(cc(c1)Cl)Cl)c1,Training,-0.8229,-0.67249584,Train
675,000083-42-1,[O-][N+](=O)c(c(c(cc1)Cl)C)c1,Training,-0.7137,-0.7833103,Train
676,000121-73-3,[O-][N+](=O)c(cccc1Cl)c1,Training,-1.2311,-0.91512126,Test
677,000618-62-2,[O-][N+](=O)c(cc(cc1Cl)Cl)c1,Training,-0.7029,-0.70132047,Train
678,000099-54-7,[O-][N+](=O)c(ccc(c1Cl)Cl)c1,Training,-0.6717,-0.7090962,Train
679,000089-61-2,[O-][N+](=O)c(c(ccc1Cl)Cl)c1,Training,-0.6929,-0.7038224,Train
680,003209-22-1,[O-][N+](=O)c(c(c(cc1)Cl)Cl)c1,Training,-0.6229,-0.72166204,Train
681,000082-68-8,[O-][N+](=O)c(c(c(c(c1Cl)Cl)Cl)Cl)c1Cl,Training,0.495,-0.35977852,Train
682,000350-30-1,Fc1ccc(cc1Cl)[N+](=O)[O-],Training,-0.3006,-0.67287695,Train
683,000555-03-3,[O-][N+](=O)c(cccc1OC)c1,Training,-1.7698,-1.4066455,Valid
684,000091-23-6,[O-][N+](=O)c(c(OC)ccc1)c1,Training,-1.6711,-1.5411655,Train
685,000552-89-6,O=Cc(c([N+](=O)[O-])ccc1)c1,Training,-1.1891,-1.4065897,Test
686,000555-16-8,O=Cc(ccc([N+](=O)[O-])c1)c1,Training,-1.0011,-1.5417781,Train
687,006361-21-3,O=Cc(c(ccc1[N+](=O)[O-])Cl)c1,Training,-0.5834,-0.80611956,Train
688,005465-65-6,Clc(ccc1C(=O)C)c(c1)[N+](=O)[O-],Training,-0.7394,-0.8698143,Train
689,000619-50-1,O=C(OC)c(ccc([N+](=O)[O-])c1)c1,Training,-1.3716,-1.4377713,Test
690,005292-45-5,O=C(OC)c(ccc(c1[N+](=O)[O-])C(=O)OC)c1,Training,-0.8178,-1.3214339,Train
691,042087-80-9,COC(=O)c1ccc(Cl)cc1[N+](=O)[O-],Training,-1.4374,-0.9378671,Test
692,000619-80-7,O=C(N)c(ccc([N+](=O)[O-])c1)c1,Training,-2.1213,-1.2842621,Test
693,000100-25-4,[O-][N+](=O)c(ccc([N+](=O)[O-])c1)c1,Training,0.1489,-1.1954325,Train
694,000099-65-0,[O-][N+](=O)c(cccc1[N+](=O)[O-])c1,Training,-1.0787,-1.0767369,Test
695,000606-20-2,[O-][N+](=O)c(c(c([N+](=O)[O-])cc1)C)c1,Training,-1.5308,-0.98646104,Train
696,000121-14-2,[O-][N+](=O)c(ccc(c1[N+](=O)[O-])C)c1,Training,-1.3872,-1.0309352,Valid
697,006099-79-2,[O-][N+](=O)c1cc([N+](=O)[O-])c(OC)c(C(C)CC)c1,Training,-0.1449,-0.27268928,Train
698,000097-00-7,[O-][N+](=O)c(ccc(c1[N+](=O)[O-])Cl)c1,Training,0.7962,-0.11260989,Train
699,003698-83-7,[O-][N+](=O)c(c(cc(c1[N+](=O)[O-])Cl)Cl)c1,Training,1.3155,-0.01374421,Test
700,006284-83-9,[O-][N+](=O)c(c(cc(c1[N+](=O)[O-])Cl)Cl)c1Cl,Training,0.655,0.5414938,Test
701,000097-02-9,[O-][N+](=O)c(ccc(N)c1[N+](=O)[O-])c1,Training,-1.1903,-1.3312982,Train
702,000529-19-1,N#Cc(c(ccc1)C)c1,Training,-1.6487,-1.6968733,Train
703,006575-09-3,Clc(ccc1)c(c1C)C#N,Training,-1.178,-1.308503,Train
704,000873-32-5,N#Cc(c(ccc1)Cl)c1,Training,-1.5677,-1.0797051,Train
705,000368-77-4,FC(F)(F)c1cccc(C#N)c1,Training,-1.6803,-1.1016318,Valid
706,000447-60-9,FC(F)(F)c1ccccc1C#N,Training,-1.6238,-1.1355811,Train
707,001891-95-8,Clc(cc(c1)C#N)c(O)c1Cl,Training,-1.3843,-0.7864833,Test
708,001689-84-5,Oc1c(Br)cc(C#N)cc1Br,Training,-1.0601,-0.6863878,Train
709,001689-83-4,Oc1c(I)cc(C#N)cc1I,Training,-0.8308,-0.65828526,Train
710,005922-60-1,N#Cc(c(N)ccc1Cl)c1,Training,-1.4545,-1.3350208,Train
711,001129-35-7,COC(=O)c1ccc(C#N)cc1,Training,-1.6694,-1.5184009,Valid
712,000619-24-9,N#Cc(cccc1[N+](=O)[O-])c1,Training,-1.6228,-1.4885763,Train
713,000091-15-6,C(#N)c(c(C(#N))ccc1)c1,Training,-1.3614,-1.4720618,Train
714,001953-99-7,Clc(c(Cl)c(Cl)c1C#N)c(Cl)c1C#N,Training,0.9208,0.13563806,Train
715,000055-21-0,O=C(N)c(cccc1)c1,Training,-2.8207,-2.2806962,Train
716,056108-12-4,NC(=O)c1ccc(C(C)(C)C)cc1,Training,-1.5044,-2.0998046,Train
717,000134-62-3,O=C(N(CC)CC)c(cccc1C)c1,Training,-2.0399,-1.5702366,Train
718,002008-58-4,NC(=O)c1c(Cl)cccc1Cl,Training,-2.5187,-1.3474989,Train
719,002447-79-2,NC(=O)c1ccc(Cl)cc1Cl,Training,-1.9792,-1.5095136,Train
720,022726-00-7,NC(=O)c1cc(Br)ccc1,Training,-1.9685,-1.8685693,Train
721,002439-77-2,COc1ccccc1C(=O)N,Training,-2.0782,-1.359099,Test
722,000065-45-2,O=C(N)c(c(O)ccc1)c1,Training,-2.0046,-1.5947751,Test
723,000088-68-6,O=C(N)c(c(N)ccc1)c1,Training,-2.5945,-2.3761594,Train
724,071862-02-7,Cc1c(NC=O)cccc1Cl,Training,-1.6674,-0.9974497,Train
725,000483-63-6,CC=CC(=O)N(CC)c1c(C)cccc1,Training,-1.8734,-1.1799206,Train
726,000621-42-1,O=C(Nc(cccc1O)c1)C,Training,-3.0522,-1.9990258,Train
727,000103-90-2,O=C(Nc(ccc(O)c1)c1)C,Training,-2.9092,-2.487544,Train
728,000614-80-2,O=C(Nc(c(O)ccc1)c1)C,Training,-1.3432,-2.942696,Train
729,055792-61-5,CCCCCCCCOc1ccccc1NC(C)=O,Training,0.3499,-0.4270146,Test
730,051218-49-6,CCc1cccc(CC)c1N(C(=O)CCl)CCOCCC,Training,-0.3785,-0.21430247,Train
731,023184-66-9,CCCCOCN(C(=O)CCl)c1c(CC)cccc1CC,Training,0.5546,-0.3157376,Train
732,015972-60-8,CCc1cccc(CC)c1N(COC)C(=O)CCl,Training,-0.6984,-0.36271712,Train
733,000709-98-8,CCC(=O)Nc1ccc(Cl)c(Cl)c1,Training,-0.9357,-1.594035,Train
734,002626-83-7,CNC(=O)Oc1ccc(C(C)(C)C)cc1,Training,-0.9964,-0.80136776,Train
735,003766-81-2,O=C(Oc(c(ccc1)C(CC)C)c1)NC,Training,-0.9896,-0.5699269,Train
736,000114-26-1,CNC(=O)Oc1ccccc1OC(C)C,Training,-0.9431,-0.55062914,Train
737,002032-59-9,CNC(=O)Oc1ccc(N(C)C)c(C)c1,Training,-0.2881,-0.73417103,Train
738,001563-66-2,O=C(Oc(c(OC(C1)(C)C)c1cc2)c2)NC,Training,0.0756,-0.8150255,Train
739,000330-54-1,O=C(N(C)C)Nc(ccc(c1Cl)Cl)c1,Training,-1.1492,-1.1735502,Test
740,000100-63-0,N(N)c(cccc1)c1,Training,1.797,-0.28497455,Test
741,005329-12-4,N(N)c(c(cc(c1)Cl)Cl)c1Cl,Training,4.00E-04,-0.6700714,Test
742,000108-98-5,Sc(cccc1)c1,Training,2.0469,-1.3239621,Train
743,000098-59-9,O=S(=O)(c(ccc(c1)C)c1)Cl,Training,-1.8856,-0.5672071,Valid
744,027176-87-0,O=S(=O)(c1ccc(cc1)CCCCCCCCCCCC)O,Training,-0.6512,0.34927493,Valid
745,009014-90-8,CCCCCCCCCc1ccc(cc1)OCCOCCOCCOCCOCCOCCOS(=O)(=O)O,Training,-1.396,-0.96756136,Train
748,026087-47-8,CC(C)OP(=O)(OC(C)C)SCc1ccccc1,Training,-0.5299,-0.9680903,Train
749,085785-20-2,c1ccccc1CSC(=O)N(CC)C(C)C(C)C,Training,-0.1122,-0.8317039,Train
750,028249-77-6,CCN(CC)C(=O)SCc1ccc(Cl)cc1,Training,-0.1127,-1.177373,Test
751,001080-32-6,O=P(OCC)(OCC)Cc(cccc1)c1,Training,-2.5257,-0.9036493,Train
752,000110-86-1,n(cccc1)c1,Training,-2.0106,-2.512772,Train
753,000109-06-8,n(c(ccc1)C)c1,Training,-2.9498,-2.3538845,Test
754,000108-89-4,n(ccc(c1)C)c1,Training,-2.6058,-1.838051,Train
755,000108-99-6,n(cccc1C)c1,Training,-2.1578,-2.556857,Train
756,000100-71-0,n(c(ccc1)CC)c1,Training,-2.617,-2.4155443,Test
757,000104-90-5,n(c(ccc1CC)C)c1,Training,-1.9097,-2.5827723,Train
758,018368-63-3,Clc(nc(c1)C)cc1,Training,-2.3649,-2.6738548,Train
759,002176-62-7,n(c(c(c(c1Cl)Cl)Cl)Cl)c1Cl,Training,0.3279,0.38089484,Train
760,010500-57-9,n(ccc1)c(CCC2)c1C2,Training,-1.5667,-1.8511475,Train
761,000100-55-0,n(cccc1CO)c1,Training,-2.9673,-1.9365227,Train
762,002859-67-8,n(cccc1CCCO)c1,Training,-2.1747,-2.1240697,Train
763,000500-22-1,O=Cc(cccn1)c1,Training,-1.2115,-2.5432408,Train
764,001122-54-9,O=C(c(ccnc1)c1)C,Training,-2.2232,-2.2266128,Test
765,000499-83-2,O=C(O)c(nc(cc1)C(=O)O)c1,Training,-2.5073,-1.7013478,Test
766,004214-79-3,Oc1ccc(Cl)cn1,Training,-3.0558,-2.5413253,Test
767,006636-78-8,Oc1cccnc1Cl,Training,-2.7928,-2.6097345,Train
768,016879-02-0,Oc1cccc(Cl)n1,Training,-2.3308,-2.7516088,Valid
769,006602-32-0,Oc1cccnc1Br,Training,-2.671,-2.6236985,Train
770,015128-82-2,Oc1cccnc1[N+](=O)[O-],Training,-2.2239,-1.4774785,Valid
771,000769-28-8,n(c(cc1C)C)c(O)c1C#N,Training,-2.1974,-2.565337,Train
772,000100-43-6,n(ccc(c1)C=C)c1,Training,0.0011,-2.0498376,Train
773,000100-69-6,n(c(ccc1)C=C)c1,Training,-0.8118,-1.9545233,Valid
774,000504-29-0,n(c(N)ccc1)c1,Training,-1.0405,-1.3924556,Train
775,000462-08-8,n(cccc1N)c1,Training,-0.9336,-1.3552984,Train
776,000504-24-5,n(ccc(N)c1)c1,Training,-0.5306,-1.4769422,Test
777,001072-97-5,Nc1ccc(Br)cn1,Training,-2.2476,-1.2564852,Test
778,005683-33-0,n1ccccc1N(C)C,Training,-2.1041,-1.1561475,Test
779,000100-70-9,C(#N)c(nccc1)c1,Training,-2.8586,-1.3827175,Train
780,002921-88-2,CCOP(=S)(OCC)Oc1nc(Cl)c(Cl)cc1Cl,Training,0.2969,0.2976,Train
781,005600-21-5,Cc1cc(Cl)nc(N)n1,Training,-2.1566,-2.1914127,Train
782,013481-25-9,c1nc(C#N)c(C#N)nc1,Training,-0.3013,-2.3711078,Train
783,000333-41-5,O(P(OCC)(Oc(nc(nc1C)C(C)C)c1)=S)CC,Training,-0.969,-0.9694,Train
784,017584-12-2,Cc1nnc(N)nc1C,Training,-2.9782,-1.556518,Test
785,000110-00-9,O1C=CC=C1,Training,-1.7896,-1.8343571,Test
786,000625-86-5,O1C(C)=CC=C1C,Training,-1.851,-1.6453004,Train
787,004412-91-3,OCc1ccoc1,Training,-2.7102,-2.2906506,Train
788,000623-15-4,O=C(C=CC(OC=C1)=C1)C,Training,-1.3209,-1.3934529,Test
790,000872-31-1,C1=CC(Br)=CS1,Training,-0.7918,-0.98111886,Train
791,000109-97-7,C1=CC=CN1,Training,-2.3234,-2.4109,Train
792,000932-16-1,O=C(C(N(C=C1)C)=C1)C,Training,-2.1965,-2.010167,Train
793,000693-93-6,Cc1cocn1,Training,-3.1399,-2.5830436,Train
794,020662-84-4,O(C(=N1)C)C(=C1C)C,Training,-2.6543,-2.6128652,Valid
795,000693-98-1,N(C=CN1)=C1C,Training,-2.4544,-1.752745,Train
796,002034-22-2,BrC1=NC(Br)=C(Br)N1,Training,-0.8439,-0.9009,Train
797,000674-82-8,O=C(OC1=C)C1,Training,-0.9433,-0.5646251,Train
799,000314-40-9,N1C(=O)N(C(C)CC)C(=O)C(Br)=C1C,Training,-2.2673,-2.3422928,Test
800,000077-71-4,O=C(NC(C1=O)(C)C)N1,Training,-4.2155,-2.3742092,Train
801,000057-43-2,CCC1(CCC(C)C)C(=O)NC(=O)NC1=O,Training,-1.9301,-1.6194103,Train
802,005217-47-0,O=C(N(C(N(C1=O)CC)=S)CC)C1,Training,-3.6535,-2.180975,Train
803,000309-43-3,C1(=O)NC(=O)NC(=O)C1(C(CCC)C)CC=C,Training,-1.3331,-1.8184676,Train
804,000071-73-8,C1(=O)N=C(S)NC(=O)C1(C(CCC)C)CC,Training,-1.3792,-1.9335864,Train
805,006165-51-1,c(cccc1)(c1)C(c(c(ccc2C)C)c2)C,Training,0.5104,0.032003768,Train
806,000901-44-0,O(c(ccc(c1)C(c(ccc(OCCO)c2)c2)(C)C)c1)CCO,Training,-1.3205,-0.78806895,Train
807,000115-32-3,OC(c1ccc(Cl)cc1)(c2ccc(Cl)cc2)C(Cl)(Cl)Cl,Training,0.3859,0.26841083,Train
808,003923-52-2,c1ccccc1C(C#C)(O)c1ccccc1,Training,-1.0441,-1.0322157,Train
809,000101-84-8,O(c(cccc1)c1)c(cccc2)c2,Training,-0.4882,-0.7491191,Train
810,000103-50-4,O(Cc(cccc1)c1)Cc(cccc2)c2,Training,-0.831,-0.7487434,Train
811,068972-96-3,c1ccccc1COCC=CCOCc2ccccc2,Training,-0.6612,-0.4219071,Train
812,000080-43-3,O(OC(c(cccc1)c1)(C)C)C(c(cccc2)c2)(C)C,Training,0.3296,-0.37237945,Train
813,000330-93-8,Fc2ccc(Oc1ccc(F)cc1)cc2,Training,-0.0633,-0.70307714,Test
814,013826-35-2,O(c(cccc1CO)c1)c(cccc2)c2,Training,-0.5785,-0.4231397,Test
815,000067-36-7,O=Cc2ccc(Oc1ccccc1)cc2,Training,-0.664,-0.39507666,Train
816,069770-23-6,CC(C)(C)c2ccc(Oc1cccc(C=O)c1)cc2,Training,0.4346,-0.6163576,Train
817,079124-76-8,Clc2ccc(Oc1cccc(C=O)c1)cc2Cl,Training,0.5241,-0.08239141,Train
818,000119-61-9,O=C(c(cccc1)c1)c(cccc2)c2,Training,-1.1794,-1.035386,Test
819,000620-92-8,Oc(ccc(c1)Cc(ccc(O)c2)c2)c1,Training,-1.1126,-0.5998176,Train
820,000599-64-4,Oc(ccc(c1)C(c(cccc2)c2)(C)C)c1,Training,-0.0776,-1.0210656,Train
821,000080-05-7,Oc(ccc(c1)C(c(ccc(O)c2)c2)(C)C)c1,Training,-0.779,-0.5608955,Train
822,006807-17-6,CC(c1ccc(cc1)O)(c2ccc(cc2)O)CC(C)C,Training,-0.4296,-0.5662332,Train
823,000070-30-4,Oc(c(c(c(c1)Cl)Cl)Cc(c(c(cc2Cl)Cl)Cl)c2O)c1Cl,Training,1.6795,-0.019768024,Train
824,000097-23-4,Oc(c(cc(c1)Cl)Cc(c(O)ccc2Cl)c2)c1,Training,0.5104,0.17460014,Train
825,000079-95-8,Oc(c(cc(c1)C(c(cc(c(O)c2Cl)Cl)c2)(C)C)Cl)c1Cl,Training,-0.1227,0.39595997,Train
826,000079-94-7,Oc(c(cc(c1)C(c(cc(c(O)c2Br)Br)c2)(C)C)Br)c1Br,Training,-0.9632,-0.01644138,Train
827,000101-77-9,Nc(ccc(c1)Cc(ccc(N)c2)c2)c1,Training,-1.321,-0.6825184,Test
828,000101-14-4,Nc(c(cc(c1)Cc(ccc(N)c2Cl)c2)Cl)c1,Training,0.2155,-0.1890607,Train
829,000831-82-3,O(c(ccc(O)c1)c1)c(cccc2)c2,Training,-0.69,-0.6148701,Valid
830,001965-09-9,O(c(ccc(O)c1)c1)c(ccc(O)c2)c2,Training,-0.7166,-0.67497444,Train
831,003380-34-5,O(c(c(O)cc(c1)Cl)c1)c(c(cc(c2)Cl)Cl)c2,Training,0.1746,0.12654518,Train
832,001484-26-0,Nc2cccc(Oc1ccccc1)c2,Training,-0.927,-0.71290237,Test
833,000620-88-2,c1ccccc1Oc2ccc([N+](=O)[O-])cc2,Training,-0.422,-0.54118913,Valid
834,039145-47-6,[O-][N+](=O)c1c(Oc2c(Cl)cccc2)cccc1,Training,-0.2846,-0.3083251,Valid
835,000131-57-7,O=C(c(cccc1)c1)c(c(O)cc(OC)c2)c2,Training,-0.5786,-1.2978512,Test
836,031127-54-5,Oc1c(O)c(O)c(C(=O)c2ccc(O)cc2)cc1,Training,-1.5553,-0.49477717,Train
837,002894-51-1,Nc1ccccc1C(=O)c2ccc(Cl)cc2,Training,-0.324,-0.45994738,Train
838,000118-55-8,O=C(Oc(cccc1)c1)c(c(O)ccc2)c2,Training,-0.0708,-0.8414624,Train
839,000133-11-9,Oc1cc(N)ccc1C(=O)Oc2ccccc2,Training,-0.6152,-0.2788407,Train
840,000122-39-4,N(c(cccc1)c1)c(cccc2)c2,Training,-0.6972,-0.35530242,Test
841,000620-93-9,Cc1ccc(cc1)Nc2ccc(cc2)C,Training,0.368,-0.8664809,Train
842,000793-24-8,N(c(ccc(Nc(cccc1)c1)c2)c2)C(CC(C)C)C,Training,1.5393,-0.11378546,Train
843,000087-17-2,O=C(Nc(cccc1)c1)c(c(O)ccc2)c2,Training,-0.5968,-0.71496326,Train
844,000086-30-6,O=NN(c(cccc1)c1)c(cccc2)c2,Training,-0.9991,-0.26057553,Test
845,000097-39-2,N=C(Nc(c(ccc1)C)c1)Nc(c(ccc2)C)c2,Training,-1.2776,-1.1142715,Test
846,000102-06-7,N=C(Nc(cccc1)c1)Nc(cccc2)c2,Training,-1.2295,-0.71109676,Train
847,000607-00-1,O=CN(c(cccc1)c1)c(cccc2)c2,Training,-1.4514,-0.3309775,Train
848,002465-27-2,CN(C)c1ccc(cc1)C(=N)c2ccc(cc2)N(C)C,Training,-0.7768,-0.9394255,Test
849,001689-82-3,Oc(ccc(N=Nc(cccc1)c1)c2)c2,Training,-0.0618,-0.39406636,Train
850,000060-09-3,N(=Nc(cccc1)c1)c(ccc(N)c2)c2,Training,0.4568,-0.26379392,Test
851,000782-74-1,N(Nc(c(ccc1)Cl)c1)c(c(ccc2)Cl)c2,Training,1.0007,0.49758264,Train
852,000122-66-7,N(Nc(cccc1)c1)c(cccc2)c2,Training,1.3676,-0.46656692,Train
853,000882-33-7,S(Sc(cccc1)c1)c(cccc2)c2,Training,1.1013,-1.2349988,Train
854,000945-51-7,O=S(c(cccc1)c1)c(cccc2)c2,Training,-1.9424,-0.675176,Valid
855,000621-08-9,O=S(Cc(cccc1)c1)Cc(cccc2)c2,Training,-1.9016,-1.0414838,Test
856,002104-64-5,CCOP(=S)(Oc1ccc(cc1)N(=O)=O)c2ccccc2,Training,1.1053,-0.52949715,Test
857,014548-46-0,O=C(c(cccc1)c1)c(ccnc2)c2,Training,-2.012,-1.0234426,Train
858,014548-45-9,Brc1ccc(cc1)C(=O)c2cccnc2,Training,-1.3083,-1.3751993,Test
859,001151-97-9,[O-][N+](=O)c(ccc(c1[N+](=O)[O-])Cc(nccc2)c2)c1,Training,-1.3611,-0.7845697,Valid
860,004916-57-8,C(Cc1ccncc1)c2ccncc2,Training,-2.1763,-1.5558745,Train
861,002232-08-8,Cc1ccc(cc1)S(=O)(=O)n2ccnc2,Training,-1.62,-2.7739613,Test
862,000092-52-4,c(c(cccc1)c1)(cccc2)c2,Training,-0.5897,0.024864148,Train
863,005707-44-8,CCc2ccc(cc2)c1ccccc1,Training,0.2234,-0.03205418,Train
864,000092-69-3,Oc(ccc(c(cccc1)c1)c2)c2,Training,-0.5302,-0.761018,Train
865,000092-88-6,Oc(ccc(c(ccc(O)c1)c1)c2)c2,Training,-1.1127,-0.75314754,Train
866,000090-43-7,Oc(c(c(cccc1)c1)ccc2)c2,Training,-0.6292,-0.69694537,Train
867,000119-93-7,Nc(c(cc(c(ccc(N)c1C)c1)c2)C)c2,Training,-1.1126,-0.48806846,Train
868,000091-94-1,Nc(c(cc(c(ccc(N)c1Cl)c1)c2)Cl)c2,Training,0.2931,0.1553163,Train
869,000939-23-1,n(ccc(c1)c(cccc2)c2)c1,Training,-1.2078,-1.0300831,Train
870,000096-09-3,O(C1c(cccc2)c2)C1,Training,-0.943,-2.0988264,Test
872,000050-06-6,CCC1(C(=O)NC(=O)NC1(=O))c2ccccc2,Training,-2.6839,-1.3809774,Train
873,000827-43-0,N(C(=CN1)C)=C1c(cccc2)c2,Training,-1.6522,-0.9619884,Train
874,002759-28-6,C1CN(CCN1)Cc2ccccc2,Training,-1.6745,-1.8202608,Train
875,000091-20-3,c(c(ccc1)ccc2)(c1)c2,Training,-0.7865,-0.3860596,Test
876,000091-57-6,c(c(ccc1C)ccc2)(c2)c1,Training,-0.2773,-0.41479394,Train
877,000090-12-0,c(c(c(cc1)C)ccc2)(c2)c1,Training,-0.7544,-0.28598726,Train
878,000573-98-8,Cc2ccc1ccccc1c2C,Training,-0.3602,-0.3815425,Train
879,000575-41-7,Cc2cc(C)c1ccccc1c2,Training,-0.2537,-0.4076061,Train
880,000582-16-1,c(cc(ccc1C)c2c1)c(c2)C,Training,-0.2537,-0.4076061,Train
881,029253-36-9,CC(c1cccc2c1cccc2)C,Training,0.1324,-0.28624636,Train
882,000090-13-1,c(c(c(cc1)Cl)ccc2)(c2)c1,Training,-0.2295,-0.9805375,Train
883,000085-01-8,c(c(c(c(c1)ccc2)c2)ccc3)(c1)c3,Training,-0.145,-0.43484652,Train
884,000129-00-0,c(c(c(cc1)ccc2)c2cc3)(c1ccc4)c34,Training,0.001,-0.4636781,Train
885,000083-32-9,c(c(ccc1)ccc2)(c1CC3)c23,Training,-0.2368,-0.16110744,Train
886,000090-15-3,Oc(c(c(ccc1)cc2)c1)c2,Training,-0.6619,-0.7161413,Train
887,000135-19-3,Oc(ccc(c1ccc2)c2)c1,Training,-0.6009,-0.73661643,Train
888,101836-92-4,c1cc2c(O)c([N+](=O)[O-])cc([N+](=O)[O-])c2cc1,Training,-0.5307,-0.6665486,Valid
889,000091-59-8,c(c(ccc1N)ccc2)(c2)c1,Training,-0.5899,-1.1227779,Train
890,002243-62-1,Nc1cccc2c(N)cccc12,Training,-1.2294,-0.26213822,Train
891,000479-27-6,c(c(c(N)cc1)c(N)cc2)(c1)c2,Training,-0.7471,-0.42061624,Test
892,000063-25-2,O=C(Oc(c(c(ccc1)cc2)c1)c2)NC,Training,-0.9495,-0.91415036,Train
894,000148-24-3,n(c(c(ccc1)cc2)c1O)c2,Training,-0.397,-1.0079402,Train
895,000091-53-2,O(c(ccc(NC(C=C1C)(C)C)c12)c2)CC,Training,-0.8243,-1.2381107,Train
896,000085-41-6,O=C(NC(=O)c1cccc2)c12,Training,-1.9993,-1.4433944,Test
897,005394-18-3,c12C(=O)N(CCCCBr)C(=O)c1cccc2,Training,-0.7915,-1.6446619,Train
898,022509-74-6,O=C(OCC)N(C(=O)c(c1ccc2)c2)C1=O,Training,-0.1452,-1.3108035,Train
899,000089-40-7,O=C(NC(=O)c1ccc([N+](=O)[O-])c2)c12,Training,-1.041,-1.602568,Train
900,000095-31-8,N(c(c(S1)ccc2)c2)=C1SNC(C)(C)C,Training,-0.1451,-0.46651104,Test
901,005331-91-9,S(C(S)=N1)c(ccc2Cl)c1c2,Training,-0.5054,-0.5281916,Train
902,000095-16-9,c1ccc2ncsc2c1,Training,-1.5905,-0.8030209,Train
903,000095-33-0,N(c(c(S1)ccc2)c2)=C1SNC(CCCC3)C3,Training,-0.3212,-0.38093182,Test
904,000095-32-9,O(CCN(SSC(=Nc(c1ccc2)c2)S1)C3)C3,Training,0.3105,-0.58036584,Train
905,000496-16-2,O(c(c(ccc1)C2)c1)C2,Training,-1.9093,-0.9669898,Train
906,000271-89-6,c1ccc2ccoc2c1,Training,-1.1433,-0.5795797,Test
907,022720-75-8,c12SC(C(=O)C)=Cc1cccc2,Training,-0.999,-1.2352314,Train
908,000094-62-2,O=C(N(CCCC1)C1)C=CC=Cc(ccc(OCO2)c23)c3,Training,-0.893,-0.8693309,Test
911,000117-80-6,c1ccc2C(=O)C(Cl)=C(Cl)C(=O)c2c1,Training,1.5092,-0.28159168,Train
912,000058-08-2,CN1C(=O)N(C)c2ncn(C)c2C1(=O),Training,-2.1785,-2.1782,Train
913,000086-50-0,S=P(OC)(OC)SCN1N=Nc2ccccc2C1(=O),Training,1.1941,1.1981,Train
914,000716-79-0,N(c(c(N1)ccc2)c2)=C1c(cccc3)c3,Training,-0.9337,-1.0451312,Train
915,000525-82-6,c1ccc2C(=O)C=C(c3ccccc3)Oc2c1,Training,-0.5443,-0.55917084,Train
916,000090-30-2,N(c(c(c(ccc1)cc2)c1)c2)c(cccc3)c3,Training,0.156,-0.56272596,Train
917,000066-76-2,O=C1Oc2ccccc2C(O)=C1CC3=C(O)c4ccccc4OC3=O,Training,-0.7078,-0.7074,Train
918,000092-06-8,c(c(cccc1)c1)(cccc2c(cccc3)c3)c2,Training,-0.4901,0.18420866,Train
919,000084-15-1,c(c(c(cccc1)c1)ccc2)(c(cccc3)c3)c2,Training,0.9221,-0.24351434,Train
920,002479-46-1,Nc2ccc(cc2)Oc3cc(ccc3)Oc1ccc(cc1)N,Training,-0.2777,-0.68552285,Test
922,000084-62-8,O=C(Oc(cccc1)c1)c(c(ccc2)C(=O)Oc(cccc3)c3)c2,Training,0.4982,-0.20927195,Train
924,070124-77-5,CC(C)C(C(=O)OC(C#N)c2cccc(Oc1ccccc1)c2)c3ccc(OC(F)F)cc3,Training,3.7225,1.8360224,Train
925,000843-55-0,Oc(ccc(c1)C(CCC(c(ccc(O)c2)c2)C3)C3)c1,Training,-0.2537,-0.39215177,Test
926,052645-53-1,CC1(C)C(C=C(Cl)Cl)C1C(=O)OCc3cccc(Oc2ccccc2)c3,Training,1.7967,2.2768626,Train
929,000115-86-6,O=P(Oc(cccc1)c1)(Oc(cccc2)c2)Oc(cccc3)c3,Training,-0.0256,0.03009217,Train
930,001330-78-5,O=P(Oc1ccccc1C)(Oc2ccccc2C)Oc3ccccc3C,Training,0.077,-0.5449447,Train
931,025155-23-1,O=P(Oc1(c(C)cc(C)cc1))(Oc2(cc(C)cc(C)c2))Oc3(c(C)c(C)ccc3),Training,-1.229,-0.13369046,Test
932,000791-28-6,O=P(c(cccc1)c1)(c(cccc2)c2)c(cccc3)c3,Training,-1.7309,-1.7288,Train
933,000132-64-9,o(c(c(c1cccc2)ccc3)c3)c12,Training,-0.2658,-0.7588068,Train
934,001484-13-5,N(c(c(c1cccc2)ccc3)c3)(c12)C=C,Training,2.4949,-0.96048284,Train
935,000132-65-0,s(c(c(c1cccc2)ccc3)c3)c12,Training,-0.1453,-0.11832277,Train
936,000514-10-3,O=C(O)C(C(C(C(C(=C1)C=C(C2)C(C)C)C2)(CC3)C)C1)(C3)C,Training,-0.3746,0.07405813,Train
937,000471-77-2,C(C(CC1)=C(C)C)=C(CCC2C(C3)(C(=O)O)C)C1C2(CC3)C,Training,-0.2306,-0.14679004,Train
938,005835-26-7,CC3(CCC1C(=CCC2C1(C)CCCC2(C)C(=O)(O))C3)C=C,Training,0.0624,-0.21814005,Train
939,001740-19-8,O=C(O)C(C(C(c(c(cc(c1)C(C)C)C2)c1)(CC3)C)C2)(C3)C,Training,-0.3198,-0.19853938,Test
940,000083-79-4,COc5cc4OCC3Oc2c1CC(Oc1ccc2C(=O)C3c4cc5OC)C(C)=C,Training,2.3483,2.4053,Train
941,000060-41-3,O=C1(CC2OCC=C3CN4CCC56C4CC3C2C5N1C7=CC=CC=C67),Training,0.3164,0.0161,Train
942,000597-64-8,CC[Sn](CC)(CC)CC,Training,1.9604,1.9319,Test
943,001461-25-2,CCCC[Sn](CCCC)(CCCC)CCCC,Training,1.347,1.3477,Test
945,069723-94-0,C1C(=CC=C[N+]=1CC2C=CC=CC=2)S(=O)(=O)[O-],Training,-3.3811,-1.4031943,Train
948,39145-47-6,O=[N+]([O-])c2ccccc2(Oc1ccc(cc1)Cl),Training,-0.2825,-0.055389773,Test
949,31502-57-5,O=C(OCCCl)NC1CCCCC1,Training,-1.5424,-1.5471,Train
950,58-08-2,O=C2c1c(ncn1C)N(C(=O)N2C)C,Training,-2.1782,-2.1785,Valid
951,59-97-2,N1=C(NCC1)Cc2ccccc2,Training,-2.4587,-1.6168135,Train
952,60-13-9,NC(C)Cc1ccccc1,Training,-1.0221,-1.4477861,Train
953,60-41-3,O=C2N6c1ccccc1C57(CCN4CC3=CCOC(C2)C(C3CC45)C67),Training,0.0161,0.3164,Train
954,65-30-5,n1cccc(c1)C2N(C)CCC2,Training,-0.6733,-1.9478043,Train
955,66-76-2,O=C1Oc4ccccc4(C(O)=C1CC=2C(=O)Oc3ccccc3(C=2(O))),Training,-0.7074,-0.7078,Train
956,67-68-5,O=S(C)C,Training,-4.5298,-4.5306,Train
957,71-73-8,O=C1NC(NC(=O)C1(CC)C(C)CCC)=S,Training,-1.3791,-2.0097034,Train
958,83-79-4,O=C3c5ccc1OC(C(=C)C)Cc1c5(OC4COc2cc(OC)c(OC)cc2C34),Training,2.4053,2.3483,Train
959,86-50-0,O=C1c2ccccc2(N=NN1CSP(OC)(OC)=S),Training,1.1981,1.1941,Train
960,100-97-0,N12(CN3CN(C1)CN(C2)C3),Training,-4.696,-4.6961,Train
961,121-75-5,O=C(OCC)CC(C(=O)OCC)SP(OC)(OC)=S,Training,-1.1479,-1.1476,Train
962,128-44-9,O=C1NS(=O)(=O)c2ccccc12,Training,-4.2126,-1.5905651,Train
963,333-41-5,n1c(OP(OCC)(OCC)=S)cc(nc1C(C)C)C,Training,-0.9694,-0.969,Train
964,597-64-8,CC[Sn](CC)(CC)CC,Training,1.9319,1.9604,Train
965,683-72-7,O=C(N)C(Cl)Cl,Training,-2.3815,-2.379,Train
966,791-28-6,O=P(c1ccccc1)(c2ccccc2)c3ccccc3,Training,-1.7288,-1.7309,Train
967,1461-25-2,CCCC[Sn](CCCC)(CCCC)CCCC,Training,1.3477,1.347,Train
968,1484-26-0,O(c1cccc(N)c1)Cc2ccccc2,Training,-0.9596,-0.55938566,Train
969,2034-22-2,n1c([nH]c(c1Br)Br)Br,Training,-0.9009,-0.8439,Train
970,2921-88-2,n1c(OP(OCC)(OCC)=S)c(cc(c1Cl)Cl)Cl,Training,0.2976,0.2969,Valid
971,3206-31-3,O=C(OCC)N(C(=O)OCC)C(=O)OCC,Training,-1.1224,-1.1223,Train
972,6921-29-5,C#CCN(CC#C)CC#C,Training,-2.47,-2.4681,Train
973,6948-86-3,O(CC)C(OCC)CN(C)CC(OCC)OCC,Training,-2.8018,-2.8002,Test
